cijena,stanje,lokacija,broj_kvadrata,sprat,namjesten,broj_soba,grijanje
35000,0,Novo Sarajevo,40,-1,0,1,1
180000,0,Opcina Centar,65,-1,0,2,1
73000,0,Novo Sarajevo,38,-1,0,2,2
88000,0,Novo Sarajevo,68,-1,0,3,2
95000,0,Novo Sarajevo,68,-1,0,3,2
95000,0,Novo Sarajevo,68,-1,0,3,2
270000,0,Stari Grad,100,-1,0,4,2
97500,0,Novi Grad,53,-1,0,2,3
27000,0,Stari Grad,59,-1,0,2,4
69900,0,Opcina Centar,43,-1,0,2,4
86000,0,Opcina Centar,52,-1,0,2,4
790000,0,Ilijas,507,-1,0,5,5
40000,0,Stari Grad,24,0,0,0,1
43500,0,Novo Sarajevo,27,0,0,1,1
45000,0,Novo Sarajevo,42,0,0,1.5,1
47000,0,Stari Grad,24,0,0,0,1
50000,0,Novo Sarajevo,40,0,0,1,1
52000,0,Novi Grad,23,0,0,0,1
64000,0,Stari Grad,49,0,0,2,1
65000,0,Novi Grad,98,0,0,4,1
67000,0,Stari Grad,49,0,0,2,1
75000,1,Novi Grad,47,0,0,2,1
75000,0,Stari Grad,72,0,0,2,1
75000,0,Novo Sarajevo,37,0,0,1,1
80000,0,Vogosca,40,0,0,1.5,1
85000,0,Novi Grad,68,0,0,3,1
89000,0,Novo Sarajevo,30,0,0,1,1
90000,0,Ilidza,56,0,0,2,1
103000,0,Stari Grad,33,0,0,1,1
105000,0,Stari Grad,53,0,0,2,1
106000,0,Ilidza,51,0,0,2,1
110000,0,Opcina Centar,35,0,0,2,1
110000,0,Opcina Centar,49,0,0,2,1
113351,0,Ilidza,54,0,0,3,1
117562,1,Ilidza,68,0,0,3,1
120000,0,Opcina Centar,68,0,0,3,1
125000,1,Novi Grad,59,0,0,3,1
130000,0,Opcina Centar,50,0,0,2,1
135000,1,Opcina Centar,85,0,0,3,1
135000,0,Opcina Centar,55,0,0,2,1
136000,1,Opcina Centar,85,0,0,3,1
143000,0,Opcina Centar,51,0,0,1.5,1
145000,0,Opcina Centar,69,0,0,3,1
145000,0,Ilidza,92,0,0,3,1
146000,0,Novi Grad,77,0,0,3,1
156400,1,Opcina Centar,68,0,0,3,1
157000,1,Opcina Centar,65,0,0,3,1
157000,1,Opcina Centar,65,0,0,3,1
157000,0,Opcina Centar,70,0,0,3,1
160000,0,Novo Sarajevo,68,0,0,2,1
164000,0,Opcina Centar,80,0,0,4,1
165000,0,Opcina Centar,68,0,0,3,1
169000,0,Ilidza,83,0,0,4,1
169600,0,Opcina Centar,53,0,0,2,1
170000,1,Opcina Centar,69,0,0,3,1
170000,0,Opcina Centar,72,0,0,2,1
174000,0,Stari Grad,56,0,0,3,1
175000,0,Opcina Centar,58,0,0,2,1
185000,0,Opcina Centar,76,0,0,3,1
185000,0,Opcina Centar,76,0,0,3,1
185000,0,Opcina Centar,76,0,0,3,1
185000,0,Novo Sarajevo,76,0,0,3,1
185000,1,Opcina Centar,76,0,0,3,1
185000,0,Opcina Centar,77,0,0,3,1
189000,0,Novo Sarajevo,83,0,0,3,1
190210.5,1,Ilidza,88,0,0,4,1
190381,1,Ilidza,90,0,0,4,1
195000,0,Opcina Centar,84,0,0,3,1
198000,0,Stari Grad,77,0,0,2,1
205000,0,Opcina Centar,148,0,0,5,1
210000,0,Opcina Centar,88,0,0,4,1
225000,0,Stari Grad,86,0,0,3,1
240000,0,Opcina Centar,62,0,0,3,1
245000,0,Opcina Centar,96,0,0,4,1
250000,0,Stari Grad,74,0,0,4,1
260000,0,Opcina Centar,89,0,0,3,1
270000,0,Opcina Centar,80,0,0,3,1
270000,0,Opcina Centar,80,0,0,3,1
270000,0,Opcina Centar,90,0,0,3,1
270000,0,Opcina Centar,90,0,0,2,1
295000,0,Opcina Centar,108,0,0,4,1
300000,0,Opcina Centar,98,0,0,4,1
330000,0,Opcina Centar,97,0,0,4,1
672984,1,Novo Sarajevo,144,0,0,5,1
710892,1,Novo Sarajevo,152,0,0,5,1
82000,0,Novi Grad,52,0,0,2,2
92000,0,Novi Grad,62,0,0,2,2
101000,0,Novi Grad,60,0,0,2,2
103000,0,Novo Sarajevo,47,0,0,2,2
110000,0,Vogosca,65,0,0,3,2
124500,0,Novo Sarajevo,53,0,0,2,2
130000,0,Novo Sarajevo,56,0,0,2,2
135000,0,Opcina Centar,47,0,0,2,2
135000,0,Novo Sarajevo,51,0,0,2,2
136000,0,Novo Sarajevo,54,0,0,3,2
143000,0,Novi Grad,54,0,0,2,2
149000,0,Novo Sarajevo,76,0,0,3,2
149000,0,Novi Grad,77,0,0,3,2
149500,0,Novi Grad,77,0,0,3,2
150000,0,Novi Grad,86,0,0,4,2
151000,0,Novi Grad,77,0,0,3,2
151000,0,Novi Grad,77,0,0,3,2
151000,0,Novo Sarajevo,77,0,0,3,2
164000,0,Opcina Centar,73,0,0,3,2
165000,0,Novi Grad,90,0,0,3,2
178000,0,Opcina Centar,65,0,0,3,2
199000,0,Opcina Centar,71,0,0,3,2
316000,0,Opcina Centar,78,0,0,3,2
74000,0,Ilidza,37,0,0,1.5,3
89000,0,Ilidza,50,0,0,2,3
89000,0,Ilidza,50,0,0,2,3
90000,1,Opcina Centar,45,0,0,2,3
99200,1,Opcina Centar,55,0,0,2,3
102000,1,Opcina Centar,51,0,0,2,3
102000,1,Opcina Centar,51,0,0,2,3
106000,0,Novo Sarajevo,48,0,0,1.5,3
139500,0,Novo Sarajevo,59,0,0,2,3
144000,0,Novi Grad,79,0,0,3,3
150000,0,Novo Sarajevo,68,0,0,3,3
150000,0,Novi Grad,76,0,0,3,3
170000,0,Vogosca,84,0,0,4,3
189500,0,Opcina Centar,77,0,0,3,3
33000,0,Novi Grad,25,0,0,2,4
58000,0,Novo Sarajevo,75,0,0,3,4
65000,0,Opcina Centar,25,0,0,1,4
69500,0,Novo Sarajevo,31,0,0,0,4
76500,0,Opcina Centar,31,0,0,1,4
76500,0,Opcina Centar,31,0,0,1,4
79000,0,Opcina Centar,29,0,0,0,4
83000,0,Novi Grad,62,0,0,3,4
85000,0,Stari Grad,40,0,0,1.5,4
85700,0,Opcina Centar,52,0,0,2,4
85700,0,Opcina Centar,52,0,0,2,4
93500,0,Opcina Centar,49,0,0,2,4
95000,0,Opcina Centar,51,0,0,2,4
95000,0,Opcina Centar,51,0,0,2,4
102400,1,Trnovo,29,0,0,2,4
106000,0,Ilidza,51,0,0,2,4
270000,0,Opcina Centar,97,0,0,3,4
337000,1,Opcina Centar,100,0,0,3,4
35000,0,Hadzici,49,0,0,2,5
47000,0,Ilijas,47,0,0,1,5
89000,0,Stari Grad,55,0,0,3,5
89000,0,Opcina Centar,52,0,0,2,5
130000,0,Ilidza,291,0,0,3,5
145000,0,Stari Grad,64,0,0,3,5
150000,0,Opcina Centar,62,0,0,3,5
295000,1,Opcina Centar,72,0,0,3,5
324945,1,Opcina Centar,93,0,0,3,5
337000,1,Opcina Centar,94,0,0,3,5
337000,1,Opcina Centar,94,0,0,3,5
46000,0,Opcina Centar,54,1,0,1.5,1
60000,0,Stari Grad,45,1,0,2,1
65718,1,Novi Grad,24,1,0,2,1
65718,0,Novi Grad,24,1,0,1,1
76570,0,Novi Grad,29,1,0,1.5,1
79000,0,Stari Grad,56,1,0,2,1
85000,1,Novi Grad,46,1,0,2,1
87950,0,Stari Grad,49,1,0,1.5,1
94000,0,Ilidza,49,1,0,2,1
96000,0,Ilidza,66,1,0,2,1
97000,0,Novi Grad,65,1,0,3,1
100000,0,Hadzici,88,1,0,4,1
100000,0,Novi Grad,41,1,0,2,1
103000,0,Stari Grad,32,1,0,1.5,1
103000,0,Stari Grad,33,1,0,1,1
104000,0,Stari Grad,31,1,0,1,1
110000,0,Ilidza,65,1,0,3,1
110000,0,Ilidza,50,1,0,1.5,1
115000,0,Ilidza,86,1,0,3,1
115000,0,Opcina Centar,55,1,0,2,1
117000,0,Opcina Centar,62,1,0,2,1
120000,0,Ilidza,85,1,0,3,1
125000,0,Ilidza,60,1,0,3,1
127500,0,Opcina Centar,61,1,0,2,1
129000,0,Novo Sarajevo,48,1,0,2,1
132000,0,Ilidza,61,1,0,2,1
140000,0,Ilidza,58,1,0,2,1
143646,0,Novi Grad,59,1,0,3,1
144372,1,Opcina Centar,73,1,0,3,1
148000,0,Novo Sarajevo,90,1,0,3,1
148500,0,Novo Sarajevo,61,1,0,3,1
150000,0,Stari Grad,93,1,0,3,1
150000,0,Novo Sarajevo,61,1,0,2,1
154545,1,Opcina Centar,75,1,0,3,1
157000,0,Opcina Centar,58,1,0,3,1
160500,1,Stari Grad,51,1,0,3,1
160500,1,Stari Grad,50,1,0,2,1
163000,1,Ilidza,78,1,0,3,1
164800,0,Ilidza,89,1,0,3,1
165000,0,Ilidza,78,1,0,3,1
165000,0,Opcina Centar,83,1,0,3,1
165000,0,Opcina Centar,65,1,0,2,1
165000,0,Opcina Centar,65,1,0,2,1
172188,0,Novi Grad,71,1,0,3,1
174696,0,Ilidza,89,1,0,3,1
177300,1,Novi Grad,80,1,0,3,1
185000,1,Novi Grad,69,1,0,3,1
189500,0,Opcina Centar,77,1,0,3,1
190000,0,Opcina Centar,92,1,0,4,1
195000,0,Opcina Centar,65,1,0,3,1
196000,0,Stari Grad,70,1,0,3,1
205000,0,Opcina Centar,59,1,0,3,1
206000,0,Stari Grad,79,1,0,3,1
209441,1,Opcina Centar,59,1,0,3,1
210000,0,Stari Grad,87,1,0,3,1
215000,0,Opcina Centar,74,1,0,3,1
219912,0,Ilidza,87,1,0,3,1
229062,1,Opcina Centar,65,1,0,3,1
229755,0,Ilidza,79,1,0,3,1
234090,0,Ilidza,81,1,0,3,1
235000,0,Stari Grad,81,1,0,3,1
235000,0,Opcina Centar,92,1,0,3,1
237750,1,Opcina Centar,47,1,0,2,1
238000,1,Opcina Centar,47,1,0,2,1
239000,0,Stari Grad,82,1,0,3,1
249500,0,Opcina Centar,75,1,0,3,1
255000,0,Stari Grad,69,1,0,3,1
255000,0,Opcina Centar,97,1,0,3,1
259000,0,Stari Grad,105,1,0,3,1
270000,0,Stari Grad,90,1,0,4,1
270000,1,Stari Grad,77,1,0,3,1
283000,0,Opcina Centar,124,1,0,4,1
290000,0,Opcina Centar,100,1,0,4,1
295000,0,Opcina Centar,104,1,0,4,1
297500,0,Opcina Centar,119,1,0,4,1
299000,0,Opcina Centar,120,1,0,4,1
300000,0,Novi Grad,60,1,0,4,1
300000,0,Opcina Centar,104,1,0,4,1
314000,0,Opcina Centar,106,1,0,4,1
314000,0,Opcina Centar,106,1,0,3,1
315000,0,Opcina Centar,95,1,0,3,1
315000,0,Opcina Centar,95,1,0,3,1
315000,0,Opcina Centar,95,1,0,3,1
320000,0,Opcina Centar,104,1,0,4,1
330000,0,Stari Grad,104,1,0,3,1
360000,0,Novo Sarajevo,92,1,0,3,1
390000,0,Opcina Centar,100,1,0,4,1
405000,0,Opcina Centar,96,1,0,4,1
420000,0,Opcina Centar,112,1,0,4,1
420000,1,Opcina Centar,128,1,0,4,1
420000,0,Opcina Centar,132,1,0,4,1
450000,0,Opcina Centar,116,1,0,4,1
469000,0,Opcina Centar,116,1,0,4,1
550000,0,Opcina Centar,183,1,0,5,1
75600,0,Novi Grad,42,1,0,1,2
85000,0,Novi Grad,50,1,0,2,2
85000,0,Novi Grad,42,1,0,1,2
88500,0,Ilidza,42,1,0,2,2
100000,0,Hadzici,70,1,0,3,2
104500,0,Novi Grad,48,1,0,2,2
120000,0,Vogosca,65,1,0,3,2
120000,0,Opcina Centar,52,1,0,2,2
120000,0,Novi Grad,52,1,0,1.5,2
125000,0,Novi Grad,63,1,0,3,2
130000,0,Hadzici,72,1,0,3,2
135000,0,Novi Grad,68,1,0,3,2
135000,0,Novi Grad,68,1,0,3,2
143000,0,Novi Grad,65,1,0,3,2
147000,0,Ilidza,84,1,0,3,2
150000,0,Novi Grad,90,1,0,4,2
158700,0,Novo Sarajevo,69,1,0,3,2
170000,0,Opcina Centar,58,1,0,3,2
174000,0,Opcina Centar,65,1,0,3,2
175000,0,Opcina Centar,65,1,0,2,2
181675,1,Novi Grad,84,1,0,3,2
186415,1,Ilidza,67,1,0,2,2
196350,0,Novi Grad,94,1,0,4,2
199000,0,Ilidza,84,1,0,4,2
200000,0,Opcina Centar,58,1,0,2,2
201533,0,Novi Grad,68,1,0,3,2
205000,0,Opcina Centar,81,1,0,3,2
209757,0,Novi Grad,74,1,0,2,2
215000,0,Novo Sarajevo,87,1,0,4,2
235000,0,Novo Sarajevo,72,1,0,3,2
243000,0,Opcina Centar,88,1,0,3,2
262000,1,Novi Grad,122,1,0,4,2
398000,0,Opcina Centar,105,1,0,4,2
399000,0,Opcina Centar,133,1,0,5,2
440000,0,Opcina Centar,117,1,0,4,2
470000,0,Opcina Centar,138,1,0,4,2
108003,1,Ilidza,51,1,0,2,3
145200,0,Ilidza,88,1,0,3,3
152523,1,Ilidza,72,1,0,4,3
155000,0,Novi Grad,55,1,0,2,3
43000,0,Novi Grad,30,1,0,1,4
64000,0,Opcina Centar,29,1,0,1,4
67000,0,Opcina Centar,45,1,0,2,4
70000,0,Opcina Centar,50,1,0,2,4
74000,0,Opcina Centar,34,1,0,1,4
74000,0,Opcina Centar,34,1,0,1,4
74000,0,Opcina Centar,34,1,0,1,4
78000,0,Opcina Centar,30,1,0,0,4
89000,0,Novi Grad,50,1,0,2,4
94000,0,Novi Grad,61,1,0,2,4
99000,0,Novi Grad,47,1,0,2,4
100000,0,Stari Grad,61,1,0,3,4
105000,0,Opcina Centar,33,1,0,1.5,4
115000,0,Opcina Centar,57,1,0,3,4
115000,0,Stari Grad,44,1,0,1,4
115000,0,Opcina Centar,25,1,0,0,4
126500,0,Novi Grad,71,1,0,3,4
127000,0,Novi Grad,59,1,0,2,4
130000,0,Stari Grad,55,1,0,2,4
140000,0,Vogosca,70,1,0,2,4
220000,0,Opcina Centar,84,1,0,3,4
290000,0,Stari Grad,102,1,0,5,4
320000,0,Opcina Centar,95,1,0,3,4
363600,1,Opcina Centar,110,1,0,4,4
450000,0,Opcina Centar,136,1,0,4,4
700000,0,Stari Grad,140,1,0,5,4
39000,0,Ilijas,48,1,0,2,5
43000,0,Novi Grad,68,1,0,3,5
65000,0,Opcina Centar,32,1,0,1,5
92000,0,Novi Grad,51,1,0,2,5
116000,0,Vogosca,69,1,0,3,5
180000,1,Ilidza,60,1,0,3,5
180000,0,Novo Sarajevo,100,1,0,3,5
188000,0,Opcina Centar,66,1,0,2,5
200000,0,Stari Grad,70,1,0,3,5
320000,0,Opcina Centar,95,1,0,3,5
363600,1,Opcina Centar,101,1,0,4,5
363600,1,Opcina Centar,101,1,0,4,5
396000,1,Opcina Centar,94,1,0,3,5
85000,0,Opcina Centar,28,2,0,0,1
93500,0,Opcina Centar,33,2,0,1,1
99000,0,Vogosca,54,2,0,2,1
103000,0,Stari Grad,32,2,0,1,1
103000,1,Stari Grad,33,2,0,0,1
105000,0,Ilidza,79,2,0,3,1
110664,1,Novi Grad,46,2,0,2,1
123000,0,Opcina Centar,48,2,0,2,1
125000,0,Novo Sarajevo,44,2,0,1.5,1
135000,0,Opcina Centar,48,2,0,1.5,1
141000,0,Stari Grad,48,2,0,3,1
145000,0,Stari Grad,48,2,0,2,1
152500,0,Novi Grad,87,2,0,4,1
152791,1,Novi Grad,61,2,0,3,1
159000,0,Ilidza,57,2,0,3,1
162570,1,Novi Grad,68,2,0,3,1
163000,1,Ilidza,78,2,0,3,1
165000,1,Ilidza,75,2,0,3,1
165000,0,Opcina Centar,65,2,0,2,1
168000,1,Ilidza,80,2,0,3,1
179040,1,Novi Grad,75,2,0,3,1
180000,1,Novi Grad,85,2,0,3,1
184555,1,Novi Grad,85,2,0,3,1
187000,0,Stari Grad,110,2,0,4,1
189000,0,Stari Grad,93,2,0,3,1
203000,0,Opcina Centar,79,2,0,3,1
205000,1,Novo Sarajevo,78,2,0,4,1
215000,0,Stari Grad,58,2,0,2,1
220000,0,Stari Grad,93,2,0,3,1
230000,0,Novo Sarajevo,150,2,0,4,1
235000,0,Stari Grad,92,2,0,3,1
240000,1,Opcina Centar,66,2,0,3,1
240000,0,Opcina Centar,82,2,0,3,1
245000,0,Opcina Centar,112,2,0,4,1
250000,0,Opcina Centar,83,2,0,4,1
257000,0,Ilidza,91,2,0,3,1
260000,0,Opcina Centar,80,2,0,4,1
260000,0,Stari Grad,73,2,0,3,1
260000,1,Opcina Centar,104,2,0,2,1
265000,0,Stari Grad,89,2,0,3,1
281000,0,Opcina Centar,76,2,0,3,1
285000,0,Stari Grad,122,2,0,4,1
285000,0,Opcina Centar,80,2,0,3,1
286416,1,Opcina Centar,109,2,0,4,1
295000,0,Stari Grad,85,2,0,3,1
295000,0,Opcina Centar,86,2,0,3,1
299000,1,Opcina Centar,136,2,0,4,1
299000,0,Opcina Centar,96,2,0,2,1
307000,0,Opcina Centar,80,2,0,3,1
324900,0,Stari Grad,125,2,0,4,1
332500,0,Opcina Centar,90,2,0,3,1
335000,0,Stari Grad,125,2,0,4,1
335000,0,Stari Grad,125,2,0,4,1
345000,0,Stari Grad,125,2,0,5,1
370000,1,Opcina Centar,101,2,0,4,1
370000,0,Opcina Centar,114,2,0,4,1
380000,1,Opcina Centar,150,2,0,5,1
399000,0,Opcina Centar,114,2,0,3,1
425000,0,Opcina Centar,107,2,0,4,1
470000,0,Opcina Centar,144,2,0,5,1
585000,0,Stari Grad,101,2,0,3,1
850000,0,Novo Sarajevo,700,2,0,5,1
34999,1,Vogosca,18,2,0,0,2
68000,0,Novi Grad,30,2,0,0,2
68000,0,Novi Grad,30,2,0,0,2
75000,1,Ilidza,42,2,0,2,2
79800,1,Ilidza,42,2,0,2,2
86000,0,Novi Grad,40,2,0,1,2
93000,0,Novi Grad,62,2,0,2,2
108000,0,Opcina Centar,58,2,0,2,2
109200,0,Novi Grad,56,2,0,2,2
110000,0,Novi Grad,52,2,0,2,2
111163,1,Vogosca,65,2,0,3,2
120000,0,Novo Sarajevo,54,2,0,2,2
120000,0,Ilidza,56,2,0,2,2
124000,0,Novo Sarajevo,57,2,0,2,2
125000,0,Novi Grad,54,2,0,2,2
125000,0,Novi Grad,54,2,0,2,2
125000,0,Novi Grad,54,2,0,2,2
135000,0,Novo Sarajevo,51,2,0,2,2
144200,0,Novi Grad,86,2,0,4,2
156000,0,Ilidza,74,2,0,3,2
156000,0,Ilidza,74,2,0,3,2
156000,0,Ilidza,74,2,0,3,2
178670,1,Ilidza,66,2,0,2,2
185000,0,Novi Grad,116,2,0,5,2
230000,0,Novo Sarajevo,85,2,0,3,2
255000,0,Opcina Centar,85,2,0,3,2
280000,0,Novo Sarajevo,94,2,0,4,2
285000,0,Opcina Centar,96,2,0,4,2
77400,1,Vogosca,43,2,0,2,3
79000,0,Ilidza,98,2,0,3,3
120600,1,Vogosca,67,2,0,3,3
124990,0,Ilidza,53,2,0,2,3
130000,0,Ilidza,66,2,0,2,3
138000,0,Ilidza,55,2,0,2,3
140000,0,Novi Grad,67,2,0,3,3
145000,0,Novi Grad,86,2,0,4,3
151500,0,Novi Grad,86,2,0,4,3
163800,1,Ilidza,78,2,0,3,3
184000,1,Novi Grad,80,2,0,3,3
294300,1,Opcina Centar,109,2,0,4,3
454000,1,Ilidza,126,2,0,4,3
39500,0,Novo Sarajevo,17,2,0,0,4
92000,1,Ilidza,63,2,0,3,4
145000,0,Opcina Centar,54,2,0,3,4
230000,0,Opcina Centar,89,2,0,2,4
239000,0,Opcina Centar,95,2,0,3,4
249600,0,Opcina Centar,96,2,0,3,4
283000,1,Opcina Centar,69,2,0,2,4
363000,0,Opcina Centar,121,2,0,4,4
379000,0,Opcina Centar,95,2,0,3,4
475000,1,Ilidza,132,2,0,4,4
78000,0,Hadzici,120,2,0,3,5
85000,0,Ilidza,53,2,0,2,5
92000,0,Ilidza,67,2,0,3,5
95000,0,Novi Grad,57,2,0,2,5
135000,0,Novi Grad,74,2,0,3,5
320000,0,Novo Sarajevo,361,2,0,2,5
65000,1,Vogosca,35,3,0,1,1
75000,1,Ilidza,50,3,0,2,1
77999,1,Vogosca,50,3,0,2,1
80000,0,Novi Grad,79,3,0,2,1
80000,0,Vogosca,47,3,0,1,1
92000,0,Novi Grad,48,3,0,2,1
93500,0,Novo Sarajevo,36,3,0,1,1
94500,0,Novi Grad,53,3,0,3,1
100000,0,Novi Grad,70,3,0,3,1
100000,0,Ilidza,62,3,0,2,1
105000,0,Ilidza,62,3,0,2,1
107000,0,Ilidza,56,3,0,3,1
109391,0,Ilidza,50,3,0,2,1
110000,0,Novo Sarajevo,52,3,0,2,1
110000,0,Ilidza,60,3,0,2,1
110000,0,Ilidza,62,3,0,2,1
115000,1,Novi Grad,71,3,0,2,1
122100,0,Novi Grad,66,3,0,2,1
124051,0,Ilidza,56,3,0,2,1
125000,0,Novo Sarajevo,56,3,0,2,1
125000,1,Ilidza,90,3,0,2,1
126000,0,Ilidza,83,3,0,3,1
126000,0,Ilidza,83,3,0,3,1
129500,0,Novo Sarajevo,60,3,0,3,1
131000,0,Novo Sarajevo,60,3,0,3,1
149642,1,Novi Grad,62,3,0,2,1
155000,0,Opcina Centar,55,3,0,2,1
155000,0,Opcina Centar,55,3,0,2,1
155000,0,Opcina Centar,55,3,0,2,1
155000,0,Opcina Centar,55,3,0,2,1
158600,0,Vogosca,122,3,0,5,1
165000,0,Vogosca,100,3,0,5,1
165000,0,Opcina Centar,60,3,0,2,1
168000,0,Opcina Centar,56,3,0,3,1
170000,1,Novo Sarajevo,78,3,0,3,1
171000,0,Novo Sarajevo,57,3,0,2,1
174300,1,Ilidza,83,3,0,3,1
175000,1,Ilidza,144,3,0,3,1
179555,0,Novi Grad,85,3,0,3,1
180000,0,Opcina Centar,76,3,0,3,1
180000,0,Novo Sarajevo,74,3,0,2,1
185000,0,Stari Grad,74,3,0,3,1
190000,0,Novo Sarajevo,82,3,0,4,1
190000,0,Opcina Centar,104,3,0,3,1
199900,0,Stari Grad,80,3,0,3,1
200000,1,Ilidza,116,3,0,3,1
205000,0,Stari Grad,150,3,0,4,1
205000,0,Novo Sarajevo,63,3,0,3,1
205000,0,Opcina Centar,63,3,0,2,1
207000,0,Ilidza,84,3,0,4,1
210000,0,Opcina Centar,88,3,0,4,1
226000,0,Opcina Centar,73,3,0,3,1
230000,0,Opcina Centar,86,3,0,4,1
240000,0,Opcina Centar,108,3,0,4,1
247500,0,Opcina Centar,99,3,0,4,1
250000,0,Opcina Centar,88,3,0,3,1
258000,0,Opcina Centar,91,3,0,3,1
260000,0,Opcina Centar,65,3,0,3,1
262000,0,Opcina Centar,101,3,0,4,1
262000,0,Opcina Centar,115,3,0,4,1
270000,0,Opcina Centar,85,3,0,2,1
275000,0,Opcina Centar,115,3,0,4,1
285000,0,Opcina Centar,105,3,0,4,1
287000,0,Opcina Centar,118,3,0,3,1
287500,0,Opcina Centar,115,3,0,4,1
308000,0,Opcina Centar,79,3,0,4,1
323000,0,Opcina Centar,85,3,0,3,1
380000,0,Opcina Centar,95,3,0,3,1
420000,0,Opcina Centar,113,3,0,4,1
459000,0,Opcina Centar,119,3,0,3,1
460000,0,Opcina Centar,184,3,0,5,1
1800000,0,Opcina Centar,600,3,0,2,1
60000,0,Novi Grad,25,3,0,0,2
88000,0,Novi Grad,55,3,0,2,2
92500,0,Novi Grad,54,3,0,2,2
92500,0,Novi Grad,55,3,0,2,2
104000,0,Ilidza,59,3,0,2,2
105000,0,Novi Grad,59,3,0,2,2
105000,0,Novi Grad,59,3,0,2,2
113400,0,Novi Grad,56,3,0,2,2
114000,0,Novi Grad,52,3,0,2,2
117000,0,Novi Grad,64,3,0,3,2
119900,0,Novi Grad,68,3,0,3,2
120000,0,Novi Grad,71,3,0,3,2
126000,0,Novi Grad,68,3,0,3,2
128000,0,Novi Grad,68,3,0,3,2
128500,0,Novi Grad,68,3,0,3,2
129000,0,Novi Grad,68,3,0,3,2
129900,0,Novi Grad,68,3,0,3,2
135000,0,Novo Sarajevo,54,3,0,2,2
144000,0,Novi Grad,86,3,0,3,2
149500,0,Novi Grad,79,3,0,4,2
150000,0,Ilidza,60,3,0,3,2
150000,0,Novi Grad,53,3,0,2,2
158000,0,Ilidza,86,3,0,3,2
159000,0,Novo Sarajevo,58,3,0,2,2
182000,1,Novi Grad,74,3,0,3,2
190000,0,Opcina Centar,85,3,0,3,2
190000,0,Opcina Centar,85,3,0,3,2
190000,0,Opcina Centar,85,3,0,3,2
235000,0,Opcina Centar,87,3,0,4,2
273000,0,Opcina Centar,83,3,0,3,2
450000,0,Opcina Centar,154,3,0,5,2
470000,0,Opcina Centar,125,3,0,5,2
69190,1,Novi Grad,47,3,0,2,3
74000,1,Novi Grad,74,3,0,2,3
77000,1,Ilidza,30,3,0,2,3
77999,1,Vogosca,42,3,0,2,3
86802,1,Novi Grad,44,3,0,0,3
105145,1,Novi Grad,85,3,0,3,3
110252,1,Ilidza,54,3,0,2,3
128000,0,Novi Grad,69,3,0,3,3
43600,1,Ilidza,23,3,0,0,4
75000,1,Vogosca,43,3,0,3,4
85000,0,Stari Grad,50,3,0,2,4
89000,0,Stari Grad,70,3,0,3,4
93000,1,Vogosca,59,3,0,3,4
105000,0,Vogosca,62,3,0,3,4
105000,0,Vogosca,63,3,0,3,4
120000,0,Vogosca,65,3,0,3,4
121000,0,Novo Sarajevo,56,3,0,2,4
147520,1,Novo Sarajevo,76,3,0,3,4
155000,0,Opcina Centar,55,3,0,2,4
195000,0,Novo Sarajevo,90,3,0,3,4
226750,1,Ilidza,84,3,0,3,4
93000,1,Vogosca,62,3,0,2,5
95000,0,Novi Grad,70,3,0,3,5
120000,0,Vogosca,65,3,0,3,5
139000,1,Vogosca,95,3,0,3,5
325000,0,Opcina Centar,130,3,0,3,5
65212,0,Trnovo,33,4,0,1,1
99000,0,Ilidza,58,4,0,3,1
107000,0,Ilidza,50,4,0,2,1
108000,0,Novo Sarajevo,50,4,0,2,1
115000,0,Novo Sarajevo,55,4,0,2,1
125000,0,Novi Grad,70,4,0,3,1
125000,0,Novi Grad,70,4,0,3,1
125000,0,Novi Grad,70,4,0,3,1
125000,0,Stari Grad,49,4,0,2,1
125000,0,Stari Grad,49,4,0,2,1
129000,0,Opcina Centar,60,4,0,3,1
129000,0,Novo Sarajevo,53,4,0,2,1
130000,0,Novo Sarajevo,60,4,0,3,1
130000,0,Vogosca,75,4,0,3,1
133000,0,Novo Sarajevo,60,4,0,3,1
144702,1,Novi Grad,60,4,0,2,1
155000,0,Opcina Centar,55,4,0,2,1
158000,0,Vogosca,122,4,0,3,1
160000,1,Novi Grad,82,4,0,3,1
165000,0,Novo Sarajevo,56,4,0,2,1
169000,0,Opcina Centar,83,4,0,4,1
170000,0,Opcina Centar,56,4,0,2,1
174300,1,Ilidza,83,4,0,3,1
180000,0,Opcina Centar,67,4,0,3,1
188000,1,Novi Grad,82,4,0,3,1
189000,0,Opcina Centar,80,4,0,3,1
199000,0,Opcina Centar,80,4,0,3,1
215000,0,Stari Grad,66,4,0,3,1
220000,0,Opcina Centar,81,4,0,3,1
230000,1,Novi Grad,105,4,0,5,1
230000,0,Ilidza,102,4,0,3,1
245000,0,Opcina Centar,104,4,0,4,1
249999,0,Opcina Centar,98,4,0,4,1
260000,0,Stari Grad,96,4,0,4,1
260000,0,Opcina Centar,84,4,0,3,1
269000,0,Stari Grad,96,4,0,3,1
269000,0,Opcina Centar,98,4,0,3,1
270000,0,Stari Grad,96,4,0,4,1
270000,0,Stari Grad,96,4,0,4,1
270000,0,Opcina Centar,98,4,0,3,1
279000,0,Stari Grad,96,4,0,4,1
280000,0,Opcina Centar,75,4,0,3,1
288000,0,Stari Grad,95,4,0,3,1
290000,0,Opcina Centar,116,4,0,4,1
652000,1,Opcina Centar,163,4,0,4,1
799000,0,Novo Sarajevo,168,4,0,3,1
69000,0,Ilidza,39,4,0,1,2
74000,1,Vogosca,43,4,0,2,2
88000,0,Novi Grad,47,4,0,1.5,2
91000,0,Novi Grad,56,4,0,2,2
91000,0,Novi Grad,39,4,0,1,2
95000,0,Hadzici,77,4,0,3,2
96000,0,Ilidza,52,4,0,2,2
105000,0,Novi Grad,69,4,0,3,2
105000,0,Novi Grad,69,4,0,3,2
109000,0,Ilidza,48,4,0,2,2
110000,0,Ilidza,45,4,0,2,2
110000,0,Novo Sarajevo,57,4,0,2,2
110000,0,Novi Grad,60,4,0,2,2
113000,0,Novi Grad,54,4,0,2,2
115000,0,Novi Grad,50,4,0,2,2
116000,0,Novo Sarajevo,54,4,0,2,2
116000,0,Novo Sarajevo,54,4,0,2,2
116000,0,Novo Sarajevo,54,4,0,2,2
116000,0,Novo Sarajevo,54,4,0,2,2
118000,0,Ilidza,51,4,0,2,2
119000,0,Opcina Centar,56,4,0,2,2
119000,0,Ilidza,63,4,0,2,2
124000,0,Novo Sarajevo,54,4,0,2,2
124000,0,Novo Sarajevo,54,4,0,2,2
124200,0,Novo Sarajevo,54,4,0,2,2
124200,0,Novo Sarajevo,54,4,0,2,2
125000,0,Ilidza,61,4,0,2,2
127000,0,Novi Grad,78,4,0,4,2
130000,0,Novo Sarajevo,58,4,0,3,2
149900,0,Novo Sarajevo,80,4,0,3,2
155000,0,Novo Sarajevo,74,4,0,3,2
155000,0,Novi Grad,74,4,0,3,2
155000,0,Novo Sarajevo,58,4,0,2,2
155000,0,Novo Sarajevo,58,4,0,2,2
155000,0,Novo Sarajevo,58,4,0,2,2
164900,0,Novo Sarajevo,66,4,0,3,2
180000,0,Novo Sarajevo,69,4,0,3,2
209000,0,Opcina Centar,70,4,0,3,2
215000,0,Opcina Centar,72,4,0,3,2
239000,0,Novo Sarajevo,81,4,0,4,2
370000,0,Opcina Centar,128,4,0,4,2
384000,0,Opcina Centar,128,4,0,4,2
390000,0,Opcina Centar,130,4,0,4,2
420000,0,Opcina Centar,125,4,0,5,2
420000,0,Opcina Centar,125,4,0,5,2
450000,0,Opcina Centar,125,4,0,5,2
480000,0,Opcina Centar,160,4,0,4,2
75000,0,Ilidza,40,4,0,1,3
83000,1,Ilidza,37,4,0,0,3
111000,0,Ilidza,88,4,0,3,3
116000,0,Novo Sarajevo,54,4,0,2,3
118000,0,Ilidza,51,4,0,2,3
118000,0,Ilidza,51,4,0,2,3
118000,1,Ilidza,54,4,0,2,3
118000,0,Ilidza,54,4,0,2,3
118750,0,Ilidza,52,4,0,2,3
119000,0,Ilidza,51,4,0,2,3
120000,1,Novi Grad,51,4,0,2,3
152068,1,Ilidza,71,4,0,3,3
103000,0,Novi Grad,72,4,0,3,4
103000,0,Novi Grad,72,4,0,3,4
113900,0,Ilidza,92,4,0,4,4
119000,0,Stari Grad,45,4,0,2,4
165000,0,Opcina Centar,56,4,0,2,4
165000,1,Opcina Centar,56,4,0,2,4
165000,0,Opcina Centar,56,4,0,2,4
165000,0,Opcina Centar,57,4,0,2,4
165000,0,Opcina Centar,57,4,0,2,4
165000,0,Opcina Centar,57,4,0,2,4
165000,0,Opcina Centar,57,4,0,2,4
165000,0,Stari Grad,70,4,0,2,4
165300,0,Novo Sarajevo,87,4,0,4,4
205000,0,Opcina Centar,57,4,0,3,4
450000,0,Stari Grad,150,4,0,4,5
83000,1,Vogosca,44,5,0,1,1
95000,0,Novo Sarajevo,46,5,0,2,1
114000,0,Novi Grad,57,5,0,3,1
129000,0,Ilidza,60,5,0,2,1
140000,0,Opcina Centar,63,5,0,2,1
150000,0,Opcina Centar,62,5,0,3,1
162776,1,Ilidza,75,5,0,3,1
165000,0,Opcina Centar,73,5,0,3,1
169000,0,Novo Sarajevo,85,5,0,3,1
170000,0,Novo Sarajevo,110,5,0,4,1
175000,0,Stari Grad,69,5,0,3,1
175000,0,Novo Sarajevo,70,5,0,3,1
255000,0,Opcina Centar,84,5,0,2,1
260000,0,Opcina Centar,141,5,0,4,1
269000,0,Opcina Centar,112,5,0,4,1
288500,0,Stari Grad,87,5,0,3,1
300000,0,Opcina Centar,90,5,0,3,1
320000,0,Opcina Centar,89,5,0,4,1
336000,0,Novo Sarajevo,112,5,0,3,1
340000,0,Opcina Centar,143,5,0,3,1
75000,0,Novo Sarajevo,34,5,0,1,2
76500,1,Vogosca,45,5,0,2,2
78000,0,Novo Sarajevo,34,5,0,1,2
93000,0,Novo Sarajevo,40,5,0,1,2
93500,0,Novi Grad,47,5,0,1.5,2
98500,0,Novi Grad,55,5,0,2,2
99000,0,Novi Grad,55,5,0,2,2
99500,0,Novi Grad,55,5,0,2,2
110000,0,Novi Grad,101,5,0,4,2
110000,0,Ilidza,47,5,0,2,2
120000,0,Novi Grad,109,5,0,4,2
129000,0,Novi Grad,69,5,0,3,2
129000,0,Novi Grad,56,5,0,2,2
129900,0,Novo Sarajevo,65,5,0,3,2
130000,0,Novi Grad,55,5,0,2,2
139900,0,Opcina Centar,44,5,0,2,2
139900,0,Opcina Centar,44,5,0,2,2
147000,0,Novo Sarajevo,71,5,0,3,2
167500,0,Novo Sarajevo,67,5,0,3,2
169000,0,Novo Sarajevo,83,5,0,3,2
172500,0,Novo Sarajevo,67,5,0,2,2
176000,0,Opcina Centar,51,5,0,2,2
179000,0,Opcina Centar,51,5,0,2,2
240000,0,Novo Sarajevo,112,5,0,5,2
243000,0,Opcina Centar,108,5,0,4,2
320000,0,Opcina Centar,88,5,0,4,2
390000,0,Opcina Centar,103,5,0,4,2
402000,0,Opcina Centar,103,5,0,4,2
64000,0,Ilidza,27,5,0,0,3
86000,0,Novi Grad,43,5,0,1.5,3
89900,1,Ilidza,35,5,0,2,3
89900,1,Ilidza,35,5,0,1.5,3
91000,0,Ilidza,35,5,0,1.5,3
100000,0,Novi Grad,52,5,0,2,3
103950,1,Ilidza,49,5,0,2,3
116167,1,Ilidza,57,5,0,2,3
124000,0,Ilidza,62,5,0,2,3
124000,1,Ilidza,62,5,0,2,3
131177,1,Ilidza,82,5,0,3,3
131353,1,Ilidza,68,5,0,2,3
134160,0,Ilidza,57,5,0,2,3
134279,1,Ilidza,57,5,0,2,3
175686,1,Ilidza,76,5,0,3,3
15206850,1,Novi Grad,71,5,0,3,3
77000,0,Novi Grad,71,5,0,3,4
95000,0,Novi Grad,97,5,0,4,4
98000,0,Novi Grad,89,5,0,4,4
99900,0,Novi Grad,89,5,0,4,4
100000,0,Novi Grad,89,5,0,3,4
150000,0,Opcina Centar,62,5,0,3,4
166354,1,Novo Sarajevo,85,5,0,4,4
110000,0,Novi Grad,90,5,0,4,5
75000,0,Vogosca,54,6,0,1.5,1
75000,1,Ilidza,34,6,0,0,1
89000,0,Novo Sarajevo,33,6,0,1.5,1
99000,0,Novi Grad,55,6,0,2,1
110000,0,Novo Sarajevo,36,6,0,3,1
115000,0,Ilidza,75,6,0,3,1
115000,0,Ilidza,75,6,0,3,1
118500,0,Ilidza,75,6,0,3,1
126000,1,Vogosca,65,6,0,3,1
163500,0,Ilidza,78,6,0,3,1
165000,0,Ilidza,78,6,0,3,1
177600,0,Novi Grad,111,6,0,3,1
211000,0,Opcina Centar,141,6,0,5,1
226000,0,Ilidza,78,6,0,3,1
249900,1,Ilidza,119,6,0,4,1
256000,1,Novi Grad,104,6,0,4,1
275000,0,Novo Sarajevo,250,6,0,5,1
362000,1,Ilidza,151,6,0,5,1
105000,0,Novi Grad,48,6,0,1.5,2
115000,0,Novo Sarajevo,50,6,0,2,2
139500,0,Novo Sarajevo,54,6,0,2,2
139950,0,Novo Sarajevo,51,6,0,2,2
139950,0,Novo Sarajevo,51,6,0,2,2
139950,0,Novo Sarajevo,54,6,0,2,2
139950,0,Novo Sarajevo,54,6,0,2,2
170000,0,Novo Sarajevo,71,6,0,3,2
174400,1,Ilidza,67,6,0,2,2
195000,0,Novi Grad,120,6,0,5,2
111004,1,Ilidza,52,6,0,2,3
116167,1,Ilidza,57,6,0,2,3
134200,0,Ilidza,57,6,0,2,3
92000,0,Vogosca,70,6,0,2,4
89500,0,Novi Grad,51,7,0,2,1
95000,0,Novi Grad,53,7,0,2,1
119000,0,Novi Grad,78,7,0,3,1
119500,0,Novi Grad,78,7,0,4,1
119500,0,Novo Sarajevo,78,7,0,1.5,1
125000,0,Novo Sarajevo,82,7,0,4,1
139000,0,Novo Sarajevo,56,7,0,2,1
175214,0,Novo Sarajevo,67,7,0,3,1
249600,1,Novi Grad,97,7,0,4,1
259000,0,Novi Grad,100,7,0,4,1
308000,0,Novo Sarajevo,140,7,0,4,1
97500,0,Novi Grad,45,7,0,1,2
120000,0,Novi Grad,75,7,0,4,2
129000,0,Novo Sarajevo,57,7,0,2,2
139000,0,Novo Sarajevo,70,7,0,3,2
145000,0,Novo Sarajevo,53,7,0,2,2
199000,0,Novo Sarajevo,87,7,0,4,2
108000,1,Ilidza,55,7,0,2,3
183180,0,Ilidza,142,7,0,4,3
115000,0,Opcina Centar,47,8,0,2,1
115000,0,Novo Sarajevo,54,8,0,2,2
144000,0,Novo Sarajevo,53,8,0,2,2
144500,0,Novi Grad,74,8,0,3,2
154000,0,Novo Sarajevo,54,8,0,2,2
169000,0,Novi Grad,105,8,0,4,2
169000,0,Novi Grad,105,8,0,4,2
96200,0,Ilidza,40,8,0,1,3
145418,1,Ilidza,88,8,0,3,3
179200,1,Ilidza,64,8,0,2,3
230000,0,Novi Grad,96,8,0,3,3
106000,0,Novi Grad,56,9,0,2,2
124500,0,Novi Grad,85,9,0,4,2
125000,0,Novi Grad,70,9,0,3,2
127000,0,Novi Grad,70,9,0,3,2
135000,0,Novo Sarajevo,54,9,0,2,2
135000,0,Novo Sarajevo,54,9,0,2,2
153900,0,Novi Grad,99,9,0,4,2
159000,0,Novi Grad,99,9,0,4,2
85000,0,Ilidza,38,9,0,1.5,3
180000,1,Novo Sarajevo,60,9,0,2,3
101000,0,Ilidza,53,10,0,2,2
103000,0,Novi Grad,66,10,0,3,2
103000,0,Novi Grad,66,10,0,3,2
103000,0,Novi Grad,66,10,0,3,2
105000,0,Novi Grad,66,10,0,3,2
119000,0,Ilidza,64,10,0,3,2
211000,1,Novi Grad,84,10,0,4,2
235000,1,Novo Sarajevo,64,10,0,2,2
101500,0,Ilidza,59,10,0,3,3
132000,1,Novi Grad,87,10,0,3,3
308000,1,Opcina Centar,120,11,0,4,1
94900,0,Novi Grad,58,11,0,2,2
95000,0,Novi Grad,58,11,0,2,2
99000,0,Novi Grad,58,11,0,3,2
105000,0,Novi Grad,58,11,0,2,2
145000,0,Novi Grad,86,11,0,4,2
150000,0,Opcina Centar,64,11,0,2,2
177000,1,Novo Sarajevo,56,11,0,2,2
190000,0,Novo Sarajevo,80,11,0,3,2
303500,0,Novi Grad,119,11,0,3,2
359000,1,Novi Grad,136,11,0,4,2
437000,1,Novi Grad,165,11,0,5,2
95000,0,Novi Grad,58,11,0,2,3
145000,0,Ilidza,82,11,0,4,3
402000,1,Novi Grad,156,11,0,4,3
359128,1,Novi Grad,136,12,0,4,1
72000,0,Novo Sarajevo,28,12,0,0,2
74000,0,Novo Sarajevo,29,12,0,0,2
77000,0,Novo Sarajevo,29,12,0,0,2
77800,0,Novo Sarajevo,29,12,0,0,2
78500,1,Novi Grad,37,12,0,0,2
102900,0,Ilidza,57,12,0,2,2
102900,1,Ilidza,62,12,0,2,2
103000,0,Ilidza,61,12,0,2,2
105000,0,Ilidza,57,12,0,2,2
120000,0,Ilidza,57,12,0,2,2
135000,0,Novi Grad,79,12,0,3,2
140000,0,Novi Grad,86,12,0,4,2
142000,0,Ilidza,82,12,0,4,2
145000,0,Novi Grad,77,12,0,3,2
149000,0,Novi Grad,86,12,0,4,2
155000,0,Novi Grad,85,12,0,4,2
155000,0,Novi Grad,86,12,0,4,2
240000,0,Opcina Centar,78,12,0,3,2
102900,0,Ilidza,57,12,0,2,3
102900,1,Ilidza,83,12,0,2,3
103000,0,Ilidza,57,12,0,2,3
103000,0,Ilidza,57,12,0,2,3
103000,0,Ilidza,57,12,0,2,3
108000,0,Ilidza,59,12,0,2,3
248500,1,Novi Grad,103,12,0,4,3
287000,1,Novi Grad,114,12,0,4,3
300000,0,Novi Grad,110,12,0,5,3
437000,1,Novi Grad,165,12,0,3,3
74500,0,Novo Sarajevo,29,13,0,0,2
85000,0,Novo Sarajevo,36,13,0,1,2
95000,0,Novi Grad,56,13,0,2,2
97000,0,Novi Grad,56,13,0,2,2
65000,0,Ilidza,30,13,0,0,3
84000,0,Novo Sarajevo,36,14,0,1.5,2
84000,0,Novo Sarajevo,36,14,0,1,2
220000,0,Novo Sarajevo,77,14,0,4,2
266277,1,Novi Grad,124,14,0,4,2
95000,0,Novo Sarajevo,42,15,0,1.5,2
110000,0,Novi Grad,69,15,0,3,2
116000,0,Novi Grad,64,15,0,3,2
120000,0,Novo Sarajevo,50,15,0,2,2
180000,0,Novo Sarajevo,71,15,0,3,2
117000,0,Novi Grad,70,16,0,3,2
125000,0,Novi Grad,77,16,0,3,2
125000,0,Novi Grad,77,16,0,3,2
130000,0,Novi Grad,77,16,0,3,2
103500,0,Novi Grad,69,17,0,3,2
139000,0,Novo Sarajevo,56,17,0,2,2
139000,0,Novo Sarajevo,56,17,0,2,2
139000,0,Novo Sarajevo,57,17,0,2,2
140000,0,Novo Sarajevo,54,17,0,3,2
140000,0,Novo Sarajevo,56,17,0,2,2
160000,0,Novo Sarajevo,60,17,0,3,2
106000,0,Novo Sarajevo,52,18,0,2,2
106600,0,Novo Sarajevo,52,18,0,2,2
106600,0,Novo Sarajevo,52,18,0,2,2
106600,0,Novo Sarajevo,52,18,0,1.5,2
106600,0,Novo Sarajevo,52,18,0,1.5,2
85000,0,Novo Sarajevo,38,-1,0.5,1,2
129000,0,Opcina Centar,53,-1,0.5,2,4
42000,0,Stari Grad,28,-1,0.5,0,5
95000,1,Novi Grad,40,0,0.5,0,1
98000,0,Vogosca,64,0,0.5,3,1
100000,0,Opcina Centar,35,0,0.5,1,1
110000,0,Opcina Centar,46,0,0.5,2,1
119000,0,Opcina Centar,40,0,0.5,2,1
120000,0,Stari Grad,42,0,0.5,2,1
120000,0,Stari Grad,42,0,0.5,2,1
120000,0,Stari Grad,42,0,0.5,1.5,1
120000,0,Stari Grad,42,0,0.5,1.5,1
125000,0,Novo Sarajevo,68,0,0.5,3,1
128000,0,Novi Grad,87,0,0.5,3,1
136000,0,Vogosca,77,0,0.5,3,1
145000,0,Opcina Centar,69,0,0.5,3,1
147000,0,Opcina Centar,69,0,0.5,3,1
160000,0,Novo Sarajevo,68,0,0.5,3,1
170000,0,Opcina Centar,83,0,0.5,3,1
180000,0,Opcina Centar,56,0,0.5,3,1
210000,0,Stari Grad,58,0,0.5,3,1
215000,0,Stari Grad,65,0,0.5,3,1
230000,0,Opcina Centar,70,0,0.5,2,1
265000,0,Opcina Centar,75,0,0.5,4,1
60000,0,Novi Grad,29,0,0.5,0,2
80000,0,Novi Grad,47,0,0.5,1.5,2
86000,0,Novi Grad,52,0,0.5,2,2
90000,0,Ilidza,37,0,0.5,1.5,2
105000,0,Novi Grad,70,0,0.5,3,2
105000,0,Novo Sarajevo,73,0,0.5,3,2
125000,0,Novi Grad,67,0,0.5,2,2
164000,0,Opcina Centar,73,0,0.5,3,2
189000,1,Opcina Centar,77,0,0.5,3,2
294000,0,Opcina Centar,98,0,0.5,5,2
105000,0,Novi Grad,73,0,0.5,3,3
76900,0,Opcina Centar,24,0,0.5,0,4
80000,0,Vogosca,50,0,0.5,2,4
80000,1,Vogosca,50,0,0.5,2,4
85000,0,Novi Grad,51,0,0.5,2,4
90000,0,Novo Sarajevo,50,0,0.5,2,4
170000,0,Opcina Centar,83,0,0.5,3,4
170000,0,Opcina Centar,83,0,0.5,3,4
80000,0,Stari Grad,47,1,0.5,2,1
87000,0,Ilidza,42,1,0.5,2,1
100000,0,Novo Sarajevo,82,1,0.5,4,1
103000,0,Ilidza,68,1,0.5,3,1
103000,0,Ilidza,68,1,0.5,3,1
103000,0,Ilidza,68,1,0.5,3,1
108900,0,Ilidza,66,1,0.5,3,1
110000,0,Novi Grad,78,1,0.5,3,1
114000,0,Novo Sarajevo,57,1,0.5,3,1
145000,0,Novi Grad,75,1,0.5,3,1
149900,0,Ilidza,78,1,0.5,3,1
164000,0,Ilidza,78,1,0.5,3,1
167000,0,Ilidza,78,1,0.5,3,1
167500,0,Stari Grad,67,1,0.5,3,1
179000,0,Novi Grad,91,1,0.5,4,1
180000,1,Opcina Centar,60,1,0.5,3,1
180000,0,Opcina Centar,81,1,0.5,3,1
186000,0,Opcina Centar,81,1,0.5,4,1
188000,0,Opcina Centar,81,1,0.5,3,1
225000,0,Novi Grad,115,1,0.5,3,1
275000,0,Stari Grad,75,1,0.5,3,1
291000,0,Ilidza,94,1,0.5,3,1
300000,0,Opcina Centar,101,1,0.5,3,1
300000,0,Opcina Centar,101,1,0.5,3,1
300000,0,Opcina Centar,101,1,0.5,3,1
300000,0,Opcina Centar,101,1,0.5,3,1
314000,0,Opcina Centar,106,1,0.5,4,1
320000,0,Stari Grad,130,1,0.5,5,1
330000,0,Vogosca,143,1,0.5,5,1
335000,0,Stari Grad,104,1,0.5,4,1
359999,0,Opcina Centar,183,1,0.5,5,1
370000,0,Stari Grad,80,1,0.5,3,1
395000,0,Opcina Centar,177,1,0.5,5,1
83000,0,Hadzici,56,1,0.5,2,2
86500,0,Novi Grad,46,1,0.5,1.5,2
129500,0,Novi Grad,68,1,0.5,3,2
137000,0,Ilidza,81,1,0.5,3,2
139000,0,Novo Sarajevo,55,1,0.5,2,2
140000,0,Novi Grad,80,1,0.5,4,2
152500,1,Ilidza,61,1,0.5,3,2
152500,1,Ilidza,61,1,0.5,2,2
156000,0,Novo Sarajevo,57,1,0.5,2,2
165000,1,Ilidza,66,1,0.5,2,2
187500,1,Ilidza,75,1,0.5,3,2
198000,0,Novi Grad,79,1,0.5,3,2
198000,0,Novi Grad,79,1,0.5,3,2
205000,0,Opcina Centar,58,1,0.5,2,2
273000,0,Novi Grad,123,1,0.5,4,2
116000,0,Ilidza,63,1,0.5,3,3
135000,0,Novi Grad,55,1,0.5,2,3
139000,1,Novo Sarajevo,55,1,0.5,2,3
149000,1,Novi Grad,53,1,0.5,3,3
198000,0,Novi Grad,79,1,0.5,3,3
76000,0,Novi Grad,31,1,0.5,1,4
95000,0,Opcina Centar,45,1,0.5,2,4
96000,0,Opcina Centar,32,1,0.5,1,4
106000,0,Ilidza,51,1,0.5,2,4
106200,0,Novi Grad,59,1,0.5,2,4
124000,0,Novi Grad,71,1,0.5,3,4
130000,0,Opcina Centar,53,1,0.5,2,4
250000,0,Opcina Centar,57,1,0.5,2,4
250000,0,Opcina Centar,67,1,0.5,2,4
320000,0,Opcina Centar,86,1,0.5,3,4
117000,0,Novo Sarajevo,52,1,0.5,2,5
157000,0,Opcina Centar,76,1,0.5,3,5
500000,0,Stari Grad,98,1,0.5,4,5
84900,1,Vogosca,42,2,0.5,2,1
90000,0,Ilidza,47,2,0.5,2,1
99950,0,Ilidza,43,2,0.5,2,1
100000,0,Stari Grad,41,2,0.5,2,1
103000,0,Novi Grad,60,2,0.5,2,1
104000,0,Novi Grad,61,2,0.5,3,1
108000,0,Ilidza,62,2,0.5,3,1
115000,0,Opcina Centar,47,2,0.5,2,1
135000,0,Novo Sarajevo,52,2,0.5,3,1
145000,0,Novi Grad,53,2,0.5,3,1
145000,0,Ilidza,72,2,0.5,3,1
159500,0,Opcina Centar,83,2,0.5,3,1
164650,0,Ilidza,89,2,0.5,3,1
165000,0,Novi Grad,59,2,0.5,2,1
165000,0,Novi Grad,71.5,2,0.5,2,1
165735,1,Trnovo,59,2,0.5,2,1
170000,0,Novi Grad,100,2,0.5,4,1
178000,0,Opcina Centar,50,2,0.5,2,1
200000,0,Stari Grad,93,2,0.5,3,1
228000,0,Stari Grad,90,2,0.5,3,1
260000,0,Stari Grad,72,2,0.5,3,1
298000,0,Opcina Centar,95,2,0.5,3,1
300000,0,Opcina Centar,92,2,0.5,3,1
300000,0,Opcina Centar,96,2,0.5,3,1
390000,1,Opcina Centar,123,2,0.5,4,1
450000,0,Opcina Centar,120,2,0.5,4,1
480000,0,Opcina Centar,120,2,0.5,4,1
85000,0,Ilidza,50,2,0.5,2,2
91000,0,Novi Grad,54,2,0.5,2,2
110000,0,Novi Grad,60,2,0.5,2,2
144000,0,Novi Grad,86,2,0.5,4,2
194000,0,Novi Grad,87,2,0.5,3,2
198000,0,Novi Grad,88,2,0.5,3,2
198000,0,Novi Grad,88,2,0.5,3,2
250000,0,Opcina Centar,83,2,0.5,4,2
300000,0,Opcina Centar,186,2,0.5,5,2
96000,0,Vogosca,54,2,0.5,2,4
96000,0,Vogosca,54,2,0.5,2,4
245000,0,Opcina Centar,112,2,0.5,4,4
249600,0,Opcina Centar,96,2,0.5,3,4
310000,0,Opcina Centar,100,2,0.5,3,4
85000,0,Novi Grad,77,3,0.5,2,1
94000,0,Novi Grad,63,3,0.5,3,1
100000,0,Ilidza,66,3,0.5,2,1
107000,0,Ilidza,68,3,0.5,3,1
121000,0,Vogosca,102,3,0.5,4,1
129000,0,Ilidza,63,3,0.5,3,1
135000,0,Vogosca,130,3,0.5,5,1
135000,0,Novo Sarajevo,52,3,0.5,2,1
137000,0,Vogosca,76,3,0.5,3,1
140000,0,Vogosca,76,3,0.5,3,1
150000,0,Novi Grad,90,3,0.5,4,1
180000,0,Stari Grad,61,3,0.5,3,1
180000,0,Novo Sarajevo,74,3,0.5,2,1
199000,0,Novo Sarajevo,93,3,0.5,3,1
199999,0,Novi Grad,103,3,0.5,3,1
215000,0,Opcina Centar,62,3,0.5,4,1
219000,0,Opcina Centar,73,3,0.5,3,1
225000,0,Opcina Centar,79,3,0.5,3,1
230000,0,Novo Sarajevo,90,3,0.5,4,1
230000,0,Novo Sarajevo,90,3,0.5,4,1
230000,0,Novo Sarajevo,93,3,0.5,4,1
280000,0,Opcina Centar,98,3,0.5,3,1
280000,0,Opcina Centar,107,3,0.5,3,1
287000,0,Opcina Centar,118,3,0.5,3,1
300000,0,Opcina Centar,142,3,0.5,4,1
2495000,0,Opcina Centar,650,3,0.5,4,1
52000,0,Novi Grad,29,3,0.5,0,2
62000,0,Novi Grad,29,3,0.5,0,2
104000,1,Ilidza,59,3,0.5,2,2
110000,0,Novi Grad,60,3,0.5,3,2
112000,0,Novi Grad,54,3,0.5,2,2
153000,0,Ilidza,84,3,0.5,3,2
165000,0,Ilidza,85,3,0.5,3,2
180000,1,Novi Grad,74,3,0.5,3,2
185000,0,Novo Sarajevo,61,3,0.5,2,2
190000,0,Opcina Centar,85,3,0.5,3,2
235000,0,Opcina Centar,97,3,0.5,4,2
371000,0,Opcina Centar,96,3,0.5,4,2
410000,0,Opcina Centar,120,3,0.5,4,2
79500,0,Novi Grad,40,3,0.5,1,3
85000,0,Novi Grad,37,3,0.5,1,3
89000,0,Novi Grad,37,3,0.5,1,3
139900,0,Ilidza,76,3,0.5,3,3
158000,0,Ilidza,84,3,0.5,3,3
106000,0,Opcina Centar,40,3,0.5,2,4
121000,0,Novo Sarajevo,56,3,0.5,2,4
123000,0,Opcina Centar,60,3,0.5,2,4
144000,0,Ilidza,81,3,0.5,3,4
155000,0,Opcina Centar,55,3,0.5,2,4
156000,0,Vogosca,80,3,0.5,3,4
159000,0,Opcina Centar,43,3,0.5,2,4
110000,0,Novi Grad,60,3,0.5,2,5
94990,0,Ilidza,58,4,0.5,3,1
95000,0,Ilidza,82,4,0.5,3,1
95500,0,Ilidza,82,4,0.5,3,1
110000,0,Ilidza,76,4,0.5,3,1
110000,0,Ilidza,48,4,0.5,2,1
110000,0,Novo Sarajevo,56,4,0.5,2,1
110000,0,Ilidza,58,4,0.5,2,1
115000,0,Ilidza,58,4,0.5,2,1
115000,0,Ilidza,58,4,0.5,2,1
119000,0,Ilidza,49,4,0.5,2,1
120000,0,Ilidza,85,4,0.5,3,1
125000,0,Stari Grad,49,4,0.5,2,1
147900,0,Ilidza,87,4,0.5,3,1
149999,0,Opcina Centar,63,4,0.5,3,1
170000,0,Opcina Centar,56,4,0.5,2,1
180000,0,Novo Sarajevo,74,4,0.5,3,1
185000,0,Opcina Centar,80,4,0.5,3,1
200000,0,Stari Grad,66,4,0.5,3,1
220000,0,Opcina Centar,81,4,0.5,3,1
230000,0,Novo Sarajevo,90,4,0.5,4,1
230000,1,Ilidza,102,4,0.5,4,1
230000,1,Ilidza,102,4,0.5,3,1
235000,0,Stari Grad,72,4,0.5,4,1
235000,0,Stari Grad,72,4,0.5,4,1
237600,0,Opcina Centar,72,4,0.5,2,1
240000,0,Opcina Centar,72,4,0.5,3,1
295000,0,Opcina Centar,92,4,0.5,4,1
93000,0,Ilidza,54,4,0.5,2,2
97000,0,Novi Grad,47,4,0.5,1.5,2
105000,0,Novi Grad,69,4,0.5,3,2
105000,0,Novi Grad,69,4,0.5,3,2
115500,0,Novi Grad,53,4,0.5,2,2
115500,0,Novi Grad,53,4,0.5,2,2
119500,0,Ilidza,71,4,0.5,3,2
128000,0,Novi Grad,54,4,0.5,2,2
128500,0,Novi Grad,54,4,0.5,2,2
128500,0,Novo Sarajevo,54,4,0.5,2,2
128500,0,Novi Grad,54,4,0.5,2,2
135000,0,Novo Sarajevo,58,4,0.5,2,2
138000,0,Novi Grad,70,4,0.5,3,2
149000,0,Novo Sarajevo,52,4,0.5,2,2
150000,0,Novi Grad,81,4,0.5,4,2
151000,0,Novi Grad,74,4,0.5,3,2
152500,0,Novi Grad,78,4,0.5,4,2
155500,0,Novi Grad,81,4,0.5,4,2
165000,0,Novo Sarajevo,71,4,0.5,3,2
167000,0,Novo Sarajevo,71,4,0.5,3,2
179000,0,Novo Sarajevo,81,4,0.5,4,2
206000,0,Novo Sarajevo,72,4,0.5,3,2
229000,0,Novo Sarajevo,98,4,0.5,4,2
384000,0,Opcina Centar,128,4,0.5,4,2
389000,0,Opcina Centar,154,4,0.5,5,2
389000,0,Opcina Centar,154,4,0.5,5,2
65000,0,Ilidza,26,4,0.5,0,3
82000,0,Ilidza,41,4,0.5,1.5,3
155000,0,Novi Grad,82,4,0.5,4,3
167000,0,Novo Sarajevo,71,4,0.5,3,3
439000,0,Opcina Centar,125,4,0.5,5,3
118000,0,Ilidza,62,4,0.5,3,4
169000,0,Novo Sarajevo,62,4,0.5,3,4
380000,0,Opcina Centar,120,4,0.5,4,4
130000,0,Vogosca,62,4,0.5,2,5
270000,0,Opcina Centar,100,4,0.5,3,5
79900,0,Opcina Centar,38,5,0.5,1,1
79900,0,Opcina Centar,38,5,0.5,1,1
119000,0,Novi Grad,64,5,0.5,2,1
143000,0,Ilidza,78,5,0.5,4,1
144300,0,Ilidza,78,5,0.5,4,1
150000,0,Novo Sarajevo,96,5,0.5,5,1
155000,0,Opcina Centar,55,5,0.5,2,1
180000,0,Ilidza,71,5,0.5,3,1
234600,0,Stari Grad,69,5,0.5,3,1
250000,0,Stari Grad,104,5,0.5,4,1
268800,0,Stari Grad,84,5,0.5,3,1
270000,0,Opcina Centar,142,5,0.5,4,1
279000,0,Opcina Centar,112,5,0.5,4,1
295000,0,Novi Grad,138,5,0.5,5,1
360000,0,Ilidza,140,5,0.5,3,1
110000,0,Novi Grad,105,5,0.5,4,2
110000,0,Novi Grad,105,5,0.5,4,2
110000,0,Novi Grad,101,5,0.5,3,2
115000,0,Novi Grad,59,5,0.5,2,2
125000,0,Ilidza,57,5,0.5,3,2
125000,0,Ilidza,58,5,0.5,3,2
146000,0,Novi Grad,80,5,0.5,3,2
175000,0,Novo Sarajevo,58,5,0.5,2,2
185000,0,Opcina Centar,66,5,0.5,3,2
212000,0,Novi Grad,89,5,0.5,4,2
225000,0,Opcina Centar,72,5,0.5,3,2
93000,0,Novi Grad,89,5,0.5,4,4
95000,0,Novi Grad,89,5,0.5,4,4
97000,0,Novi Grad,89,5,0.5,4,4
140000,0,Novo Sarajevo,55,5,0.5,3,4
197000,0,Opcina Centar,62,5,0.5,3,4
198000,0,Novo Sarajevo,62,5,0.5,3,4
160000,1,Vogosca,80,5,0.5,3,5
99000,0,Ilidza,51,6,0.5,2,1
226000,0,Ilidza,78,6,0.5,3,1
235000,0,Vogosca,100,6,0.5,4,1
305000,0,Stari Grad,83,6,0.5,3,1
350000,0,Ilidza,134,6,0.5,4,1
570000,0,Opcina Centar,160,6,0.5,5,1
97000,0,Novo Sarajevo,40,6,0.5,1.5,2
265000,0,Novo Sarajevo,78,6,0.5,4,2
189000,0,Ilidza,87,6,0.5,3,3
84000,0,Vogosca,59,6,0.5,3,4
156000,0,Vogosca,80,6,0.5,3,4
93000,0,Novi Grad,53,7,0.5,2,1
93500,0,Novi Grad,53,7,0.5,2,1
115000,0,Novi Grad,111,7,0.5,4,1
127000,0,Ilidza,68,7,0.5,3,1
305000,0,Stari Grad,84,7,0.5,3,1
330000,0,Novo Sarajevo,120,7,0.5,5,1
350000,0,Ilidza,160,7,0.5,4,1
114000,0,Novi Grad,61,7,0.5,3,2
135000,0,Vogosca,79,7,0.5,3,2
115000,0,Novi Grad,55,7,0.5,2,3
139000,0,Opcina Centar,47,8,0.5,2,1
83000,0,Novi Grad,43,8,0.5,1,2
99000,0,Novi Grad,59,8,0.5,2,2
145000,0,Novo Sarajevo,53,8,0.5,2,2
237500,0,Novi Grad,89,8,0.5,4,2
246000,0,Novi Grad,90,8,0.5,4,2
51000,0,Novi Grad,29,8,0.5,1,3
117000,0,Ilidza,58,8,0.5,3,3
138500,0,Novi Grad,73,8,0.5,3,3
184300,0,Ilidza,87,8,0.5,4,3
191000,0,Novi Grad,103,8,0.5,4,4
125000,0,Novi Grad,58,9,0.5,2,2
142900,0,Novi Grad,77,9,0.5,4,2
179000,0,Novo Sarajevo,56,9,0.5,2,2
185000,0,Novo Sarajevo,73,9,0.5,3,2
350000,1,Ilidza,160,10,0.5,4,1
101000,0,Ilidza,54,10,0.5,2,2
116000,0,Ilidza,67,10,0.5,3,2
101000,1,Ilidza,54,10,0.5,2,3
104000,0,Novo Sarajevo,40,11,0.5,1.5,2
105000,0,Novi Grad,78,11,0.5,3,2
133000,0,Novi Grad,70,11,0.5,3,2
150000,0,Novi Grad,86,11,0.5,4,2
120000,0,Novi Grad,75,12,0.5,3,2
160000,0,Novi Grad,78,12,0.5,3,2
300000,0,Novi Grad,110,12,0.5,5,2
300000,0,Novi Grad,110,12,0.5,5,2
79000,0,Novi Grad,28,12,0.5,0,3
351000,0,Novi Grad,110,12,0.5,5,3
65000,0,Ilidza,30,13,0.5,0,2
79990,0,Novo Sarajevo,36,13,0.5,1,2
80000,0,Novo Sarajevo,36,13,0.5,1,2
97000,0,Ilidza,44,13,0.5,2,2
130000,0,Novi Grad,86,13,0.5,4,2
150000,0,Novi Grad,72,13,0.5,3,2
650000,0,Novi Grad,155,13,0.5,4,2
64500,0,Ilidza,30,13,0.5,0,3
65000,0,Ilidza,30,13,0.5,0,3
92000,0,Ilidza,51,13,0.5,3,3
93000,0,Ilidza,45,13,0.5,2,3
257000,0,Novo Sarajevo,97,14,0.5,4,1
147000,0,Novi Grad,55,14,0.5,3,2
145000,0,Novi Grad,55,14,0.5,2,3
147000,0,Novi Grad,55,14,0.5,3,3
150000,0,Novi Grad,55,14,0.5,3,3
124200,0,Novi Grad,69,15,0.5,3,2
127000,0,Novi Grad,69,15,0.5,3,2
185000,0,Novo Sarajevo,71,15,0.5,3,2
185000,0,Novo Sarajevo,71,15,0.5,3,2
106600,0,Novo Sarajevo,52,18,0.5,2,2
106600,0,Novo Sarajevo,52,18,0.5,1.5,2
106600,0,Novo Sarajevo,52,18,0.5,1.5,2
140000,0,Novo Sarajevo,56,18,0.5,2,2
170000,0,Novo Sarajevo,72,19,0.5,3,2
55000,0,Novi Grad,26,-1,1,0,1
68000,0,Opcina Centar,33,-1,1,0,1
70000,0,Novo Sarajevo,33,-1,1,1,1
75000,0,Novo Sarajevo,56,-1,1,2,1
119000,0,Opcina Centar,48,-1,1,2,1
165000,0,Opcina Centar,75,-1,1,2,1
175000,0,Ilidza,74,-1,1,4,1
60000,0,Novi Grad,28,-1,1,0,2
80000,0,Novi Grad,52,-1,1,2,2
81000,0,Novi Grad,40,-1,1,2,2
85000,0,Novi Grad,49,-1,1,2,2
85000,0,Novo Sarajevo,50,-1,1,2,2
89000,0,Novo Sarajevo,49,-1,1,2,2
89000,0,Novo Sarajevo,52,-1,1,2,2
89900,0,Novo Sarajevo,63,-1,1,3,2
155000,0,Novo Sarajevo,52,-1,1,2,2
85000,0,Ilidza,53,-1,1,1.5,4
43000,0,Novi Grad,23,0,1,0,1
65000,0,Opcina Centar,39,0,1,1,1
67000,0,Stari Grad,49,0,1,2,1
76500,0,Novo Sarajevo,42,0,1,2,1
80000,0,Stari Grad,34,0,1,1,1
80000,0,Stari Grad,34,0,1,1,1
80000,0,Stari Grad,34,0,1,1,1
80000,0,Opcina Centar,30,0,1,0,1
83000,0,Stari Grad,35,0,1,1,1
89000,0,Novo Sarajevo,30,0,1,1,1
90000,0,Opcina Centar,32,0,1,1,1
97000,0,Opcina Centar,36,0,1,1,1
99500,0,Novi Grad,71,0,1,3,1
104000,1,Stari Grad,33,0,1,1.5,1
107000,0,Hadzici,70,0,1,3,1
120000,0,Stari Grad,40,0,1,2,1
120000,0,Opcina Centar,55,0,1,2,1
120000,0,Novi Grad,58,0,1,2,1
125000,0,Novo Sarajevo,59,0,1,2,1
126000,0,Ilidza,56,0,1,2,1
130000,0,Novo Sarajevo,68,0,1,3,1
130000,0,Stari Grad,40,0,1,2,1
130000,0,Opcina Centar,62,0,1,2,1
132000,0,Opcina Centar,46,0,1,2,1
135000,0,Novi Grad,87,0,1,3,1
135000,0,Opcina Centar,65,0,1,2,1
139000,0,Vogosca,66,0,1,2,1
140000,0,Novi Grad,72,0,1,3,1
142000,1,Novi Grad,58,0,1,2,1
144000,0,Stari Grad,68,0,1,3,1
144000,0,Novi Grad,58,0,1,2,1
145000,0,Novo Sarajevo,52,0,1,2,1
145000,0,Novo Sarajevo,54,0,1,2,1
145000,0,Novo Sarajevo,54,0,1,2,1
149000,0,Stari Grad,40,0,1,1.5,1
150000,1,Opcina Centar,98,0,1,4,1
159000,0,Novo Sarajevo,53,0,1,2,1
159000,0,Novo Sarajevo,53,0,1,2,1
159000,0,Novo Sarajevo,53,0,1,2,1
159000,0,Novo Sarajevo,53,0,1,2,1
160000,0,Novo Sarajevo,68,0,1,3,1
160000,0,Opcina Centar,40,0,1,1,1
175000,1,Novi Grad,73,0,1,3,1
179000,0,Opcina Centar,65,0,1,3,1
180000,0,Opcina Centar,63,0,1,2,1
189000,0,Opcina Centar,77,0,1,3,1
205000,0,Opcina Centar,76,0,1,3,1
215000,0,Stari Grad,65,0,1,3,1
215000,0,Stari Grad,65,0,1,3,1
215000,0,Stari Grad,70,0,1,3,1
224000,1,Stari Grad,49,0,1,2,1
226000,0,Opcina Centar,113,0,1,4,1
230000,0,Stari Grad,110,0,1,3,1
248000,0,Trnovo,90,0,1,3,1
298700,0,Stari Grad,145,0,1,5,1
300000,0,Stari Grad,120,0,1,4,1
300000,0,Stari Grad,120,0,1,4,1
300000,0,Stari Grad,120,0,1,4,1
315000,0,Opcina Centar,108,0,1,4,1
315000,0,Opcina Centar,94,0,1,3,1
320000,1,Stari Grad,103,0,1,4,1
320000,0,Opcina Centar,107,0,1,4,1
330000,0,Opcina Centar,98,0,1,4,1
333500,1,Stari Grad,73,0,1,3,1
350000,0,Opcina Centar,107,0,1,4,1
350000,0,Opcina Centar,79,0,1,3,1
360000,0,Stari Grad,120,0,1,5,1
360000,1,Stari Grad,120,0,1,5,1
379000,1,Opcina Centar,90,0,1,3,1
380000,0,Opcina Centar,90,0,1,3,1
390000,1,Opcina Centar,94,0,1,3,1
398000,0,Opcina Centar,105,0,1,3,1
399000,0,Opcina Centar,95,0,1,3,1
65000,0,Opcina Centar,39,0,1,1.5,2
100000,0,Ilidza,45,0,1,1.5,2
102000,0,Novi Grad,58,0,1,2,2
140000,0,Ilidza,65,0,1,3,2
145000,0,Novo Sarajevo,54,0,1,2,2
145000,0,Opcina Centar,64,0,1,2,2
150000,0,Novi Grad,52,0,1,2,2
155000,0,Novi Grad,89,0,1,3,2
157000,0,Novi Grad,72,0,1,3,2
160000,0,Novi Grad,58,0,1,2,2
164000,0,Opcina Centar,73,0,1,3,2
175000,0,Opcina Centar,78,0,1,3,2
199000,0,Opcina Centar,71,0,1,3,2
199000,0,Opcina Centar,71,0,1,3,2
199000,0,Stari Grad,71,0,1,3,2
208000,0,Opcina Centar,84,0,1,4,2
398000,0,Opcina Centar,105,0,1,4,2
87000,0,Ilidza,50,0,1,2,3
105000,0,Novi Grad,73,0,1,4,3
120000,1,Opcina Centar,38,0,1,1,3
41000,0,Stari Grad,22,0,1,0,4
60000,0,Opcina Centar,25,0,1,0,4
68500,0,Opcina Centar,27,0,1,0,4
69900,0,Opcina Centar,27,0,1,0,4
77000,0,Opcina Centar,54,0,1,2,4
78000,0,Opcina Centar,27,0,1,0,4
78000,0,Opcina Centar,30,0,1,0,4
84900,0,Opcina Centar,57,0,1,2,4
85000,0,Stari Grad,31,0,1,1,4
85000,0,Stari Grad,31,0,1,1,4
85000,0,Opcina Centar,34,0,1,1,4
90000,0,Opcina Centar,54,0,1,2,4
105000,0,Stari Grad,48,0,1,2,4
107000,0,Ilidza,49,0,1,2,4
107000,0,Ilidza,49,0,1,2,4
130000,0,Novo Sarajevo,50,0,1,2,4
160000,0,Opcina Centar,47,0,1,2,4
160000,0,Opcina Centar,50,0,1,2,4
169000,0,Opcina Centar,45,0,1,2,4
169000,0,Opcina Centar,43,0,1,1,4
169000,0,Opcina Centar,43,0,1,1,4
65000,0,Novo Sarajevo,36,0,1,1.5,5
67000,0,Novo Sarajevo,36,0,1,2,5
130000,0,Trnovo,45,0,1,2,5
160000,0,Opcina Centar,50,0,1,2,5
217000,1,Opcina Centar,62,0,1,3,5
359000,1,Stari Grad,76,0,1,3,5
1200,0,Opcina Centar,89,1,1,4,1
51000,0,Hadzici,38,1,1,1.5,1
55000,0,Novi Grad,56,1,1,1.5,1
66000,0,Novo Sarajevo,37,1,1,1,1
74500,0,Ilidza,56,1,1,2,1
80000,0,Opcina Centar,33,1,1,1,1
80000,0,Opcina Centar,22,1,1,0,1
85000,0,Stari Grad,23,1,1,1,1
88000,0,Novi Grad,40,1,1,1,1
89000,0,Opcina Centar,35,1,1,1,1
92900,0,Hadzici,56,1,1,2,1
94500,0,Opcina Centar,35,1,1,1,1
95000,0,Ilidza,43,1,1,2,1
95000,0,Ilidza,43,1,1,2,1
104000,1,Stari Grad,33,1,1,1.5,1
107000,0,Ilidza,45,1,1,2,1
108000,0,Opcina Centar,35,1,1,2,1
115000,0,Ilidza,45,1,1,2,1
115000,1,Ilidza,53,1,1,2,1
120000,0,Novi Grad,53,1,1,2,1
123000,0,Novi Grad,52,1,1,2,1
124440,0,Opcina Centar,61,1,1,1.5,1
125000,0,Opcina Centar,50,1,1,2,1
125000,0,Opcina Centar,57,1,1,2,1
127500,0,Opcina Centar,61,1,1,2,1
127500,0,Opcina Centar,61,1,1,1.5,1
128000,0,Ilidza,54,1,1,2,1
130000,0,Opcina Centar,40,1,1,1,1
135000,0,Ilidza,61,1,1,2,1
140000,0,Opcina Centar,50,1,1,2,1
145000,0,Novi Grad,59,1,1,2,1
149900,0,Ilidza,78,1,1,3,1
150000,0,Ilidza,59,1,1,3,1
155000,0,Novo Sarajevo,157,1,1,4,1
155000,0,Novo Sarajevo,61,1,1,2,1
165000,0,Opcina Centar,55,1,1,2,1
169000,0,Trnovo,66,1,1,3,1
169500,0,Opcina Centar,52,1,1,3,1
170000,0,Ilidza,63,1,1,3,1
174000,0,Novo Sarajevo,70,1,1,3,1
175000,0,Ilidza,72,1,1,3,1
176800,0,Stari Grad,68,1,1,3,1
179000,0,Opcina Centar,58,1,1,3,1
186000,0,Opcina Centar,62,1,1,2,1
186000,0,Opcina Centar,62,1,1,2,1
189900,0,Novo Sarajevo,100,1,1,3,1
192500,0,Ilidza,71,1,1,3,1
198000,0,Opcina Centar,63,1,1,2,1
199500,0,Opcina Centar,68,1,1,2,1
200000,0,Stari Grad,100,1,1,3,1
200000,1,Opcina Centar,50,1,1,1.5,1
220800,0,Opcina Centar,92,1,1,3,1
228000,0,Opcina Centar,76,1,1,3,1
240000,0,Stari Grad,82,1,1,3,1
240000,0,Ilidza,90,1,1,2,1
244000,1,Opcina Centar,91,1,1,3,1
245000,0,Opcina Centar,90,1,1,3,1
250000,0,Opcina Centar,66,1,1,2,1
270000,0,Opcina Centar,90,1,1,3,1
270000,0,Opcina Centar,97,1,1,3,1
283500,0,Opcina Centar,81,1,1,3,1
285000,0,Opcina Centar,70,1,1,3,1
285000,0,Stari Grad,130,1,1,3,1
286500,1,Opcina Centar,109,1,1,4,1
288000,0,Novo Sarajevo,116,1,1,4,1
290000,0,Novo Sarajevo,150,1,1,4,1
299000,0,Opcina Centar,92,1,1,4,1
299500,0,Opcina Centar,100,1,1,3,1
320000,0,Opcina Centar,97,1,1,3,1
320000,0,Opcina Centar,285,1,1,3,1
325000,0,Ilidza,90,1,1,3,1
330000,0,Opcina Centar,116,1,1,4,1
350000,0,Opcina Centar,108,1,1,4,1
350000,0,Opcina Centar,108,1,1,4,1
382000,1,Stari Grad,83,1,1,4,1
410000,0,Opcina Centar,113,1,1,4,1
430000,0,Opcina Centar,190,1,1,4,1
550000,0,Opcina Centar,131,1,1,4,1
650000,0,Stari Grad,264,1,1,5,1
1500000,0,Stari Grad,276,1,1,5,1
45000,0,Novi Grad,23,1,1,0,2
82000,0,Ilidza,30,1,1,0,2
82000,0,Ilidza,30,1,1,0,2
82900,0,Hadzici,56,1,1,3,2
84000,0,Ilidza,30,1,1,0,2
89500,0,Novi Grad,52,1,1,2,2
110000,0,Novi Grad,64,1,1,3,2
114900,0,Novi Grad,54,1,1,2,2
115000,0,Novi Grad,54,1,1,2,2
120000,0,Novi Grad,63,1,1,2,2
135000,0,Ilidza,53,1,1,3,2
135000,0,Ilidza,67,1,1,3,2
145000,1,Novi Grad,57,1,1,2,2
150000,0,Opcina Centar,48,1,1,2,2
154000,0,Novo Sarajevo,57,1,1,2,2
154900,0,Novo Sarajevo,57,1,1,2,2
155000,0,Novi Grad,55,1,1,2,2
156600,0,Novo Sarajevo,58,1,1,2,2
160000,0,Novi Grad,64,1,1,2,2
176000,0,Ilidza,84,1,1,3,2
192500,0,Ilidza,71,1,1,3,2
205000,0,Opcina Centar,86,1,1,3,2
205000,0,Opcina Centar,63,1,1,2,2
229000,0,Opcina Centar,75,1,1,3,2
249000,0,Novo Sarajevo,81,1,1,4,2
250000,0,Novo Sarajevo,74,1,1,3,2
250000,0,Novo Sarajevo,74,1,1,3,2
250000,0,Novo Sarajevo,74,1,1,3,2
250000,0,Novo Sarajevo,74,1,1,3,2
250000,0,Novo Sarajevo,74,1,1,3,2
250000,1,Novo Sarajevo,74,1,1,3,2
250000,0,Novo Sarajevo,74,1,1,3,2
250000,0,Novo Sarajevo,74,1,1,3,2
250000,0,Novo Sarajevo,74,1,1,3,2
250000,0,Novo Sarajevo,75,1,1,3,2
293000,0,Ilidza,67,1,1,3,2
300000,0,Ilidza,78,1,1,5,2
379000,0,Opcina Centar,108,1,1,5,2
490000,0,Opcina Centar,125,1,1,4,2
99000,0,Vogosca,60,1,1,3,3
108000,0,Novi Grad,78,1,1,2,3
120000,0,Novi Grad,61,1,1,2,3
124000,0,Ilidza,58,1,1,3,3
130000,0,Ilidza,66,1,1,3,3
134000,0,Ilidza,53,1,1,3,3
135000,0,Ilidza,53,1,1,3,3
145000,0,Ilidza,53,1,1,2,3
145000,0,Ilidza,53,1,1,2,3
150000,0,Opcina Centar,55,1,1,1,3
163800,1,Opcina Centar,39,1,1,2,3
248500,0,Novi Grad,76,1,1,4,3
405000,1,Opcina Centar,118,1,1,4,3
75000,0,Opcina Centar,30,1,1,0,4
77000,0,Novi Grad,45,1,1,2,4
83000,0,Novi Grad,38,1,1,1.5,4
87000,0,Novi Grad,47,1,1,2,4
95000,0,Novo Sarajevo,30,1,1,1,4
110000,0,Opcina Centar,40,1,1,2,4
119999,1,Vogosca,69,1,1,4,4
127000,0,Novi Grad,59,1,1,2,4
130000,0,Opcina Centar,57,1,1,3,4
130000,0,Novo Sarajevo,,,,,
140000,0,Novo Sarajevo,56,1,1,2,4
165000,0,Opcina Centar,65,1,1,2,4
179000,0,Opcina Centar,66,1,1,2,4
180000,0,Stari Grad,84,1,1,3,4
217000,0,Opcina Centar,62,1,1,2,4
240000,0,Novo Sarajevo,196,1,1,3,4
250000,0,Opcina Centar,66,1,1,2,4
299000,0,Novo Sarajevo,116,1,1,4,4
383000,1,Opcina Centar,119,1,1,4,4
490000,0,Opcina Centar,86,1,1,3,4
65000,0,Novo Sarajevo,31,1,1,1,5
99000,1,Ilidza,45,1,1,2,5
114000,0,Vogosca,69,1,1,3,5
117000,0,Vogosca,69,1,1,3,5
160000,0,Opcina Centar,70,1,1,2,5
180000,0,Opcina Centar,81,1,1,3,5
230000,0,Opcina Centar,63,1,1,2,5
250000,0,Opcina Centar,105,1,1,3,5
256000,0,Opcina Centar,105,1,1,3,5
61000,0,Opcina Centar,20,2,1,0,1
72000,0,Opcina Centar,30,2,1,0,1
80000,0,Opcina Centar,70,2,1,1,1
85000,0,Ilidza,47,2,1,3,1
85000,0,Ilidza,47,2,1,2,1
85000,0,Novi Grad,31,2,1,1,1
90000,0,Hadzici,50,2,1,2,1
95000,0,Novi Grad,65,2,1,3,1
110000,0,Ilidza,61,2,1,2,1
115000,0,Ilidza,57,2,1,3,1
115000,0,Ilidza,60,2,1,3,1
115000,0,Ilidza,60,2,1,3,1
120000,0,Opcina Centar,55,2,1,2,1
121359,0,Ilidza,65,2,1,3,1
121500,0,Ilidza,56,2,1,3,1
122000,0,Vogosca,65,2,1,3,1
124000,0,Novi Grad,52,2,1,2,1
125000,0,Opcina Centar,46,2,1,2,1
127950,0,Ilidza,60,2,1,2,1
130000,0,Ilidza,41,2,1,2,1
130000,0,Ilidza,41,2,1,2,1
130000,0,Ilidza,40,2,1,1,1
130600,0,Ilidza,60,2,1,2,1
133500,0,Ilidza,60,2,1,2,1
134000,0,Novo Sarajevo,59,2,1,2,1
135000,0,Ilidza,70,2,1,3,1
135000,0,Opcina Centar,40,2,1,2,1
136000,0,Novo Sarajevo,43,2,1,1.5,1
137000,0,Ilidza,70,2,1,3,1
137000,0,Ilidza,70,2,1,3,1
137000,0,Ilidza,70,2,1,3,1
145000,0,Ilidza,70,2,1,3,1
145000,1,Stari Grad,48,2,1,2,1
151900,0,Opcina Centar,54,2,1,2,1
160000,0,Stari Grad,47,2,1,2,1
164650,0,Ilidza,89,2,1,3,1
170000,0,Ilidza,74,2,1,3,1
170000,0,Ilidza,74,2,1,3,1
170000,0,Ilidza,74,2,1,3,1
192000,0,Novi Grad,84,2,1,2,1
196000,0,Novo Sarajevo,89,2,1,4,1
208000,0,Novo Sarajevo,93,2,1,3,1
210900,0,Stari Grad,60,2,1,3,1
213600,0,Opcina Centar,89,2,1,4,1
215000,0,Opcina Centar,75,2,1,3,1
220000,0,Stari Grad,100,2,1,4,1
220000,0,Stari Grad,80,2,1,3,1
227000,0,Stari Grad,81,2,1,3,1
230000,0,Opcina Centar,73,2,1,3,1
245000,0,Stari Grad,60,2,1,3,1
245000,0,Stari Grad,60,2,1,3,1
248000,0,Stari Grad,209,2,1,4,1
249000,0,Opcina Centar,91,2,1,3,1
250000,0,Opcina Centar,95,2,1,4,1
250000,0,Opcina Centar,65,2,1,3,1
260000,1,Opcina Centar,68,2,1,3,1
265000,0,Opcina Centar,89,2,1,4,1
270000,0,Stari Grad,75,2,1,4,1
300000,0,Opcina Centar,66,2,1,3,1
310000,0,Opcina Centar,100,2,1,3,1
320000,0,Opcina Centar,80,2,1,3,1
324800,0,Opcina Centar,112,2,1,4,1
335000,0,Stari Grad,125,2,1,4,1
349000,0,Stari Grad,112,2,1,4,1
375000,0,Stari Grad,140,2,1,4,1
390000,1,Opcina Centar,95,2,1,3,1
398000,0,Stari Grad,74,2,1,2,1
398000,0,Opcina Centar,74,2,1,2,1
398000,0,Opcina Centar,74,2,1,2,1
420000,1,Opcina Centar,113,2,1,4,1
420000,0,Opcina Centar,113.55,2,1,4,1
430000,0,Opcina Centar,113,2,1,4,1
430000,0,Opcina Centar,113,2,1,4,1
450000,0,Opcina Centar,143,2,1,5,1
459000,0,Opcina Centar,145,2,1,5,1
530000,0,Stari Grad,110,2,1,3,1
550000,0,Stari Grad,110,2,1,3,1
559800,1,Stari Grad,124,2,1,5,1
566500,0,Stari Grad,110,2,1,3,1
800000,0,Stari Grad,200,2,1,5,1
83000,0,Novi Grad,29,2,1,0,2
100000,0,Novi Grad,40,2,1,1,2
125000,0,Novi Grad,56,2,1,2,2
130000,0,Ilidza,54,2,1,2,2
135000,0,Novo Sarajevo,54,2,1,2,2
154500,0,Novi Grad,78,2,1,4,2
156000,0,Novi Grad,78,2,1,4,2
185000,0,Opcina Centar,70,2,1,3,2
185000,0,Stari Grad,44,2,1,2,2
230000,0,Opcina Centar,85,2,1,4,2
235000,0,Novo Sarajevo,85,2,1,3,2
260000,0,Ilidza,76,2,1,3,2
283500,0,Novi Grad,83,2,1,4,2
370000,0,Opcina Centar,96,2,1,4,2
49455,1,Ilidza,60,2,1,2,3
102000,0,Ilidza,49,2,1,2,3
124000,0,Ilidza,130,2,1,5,3
105000,0,Ilidza,,,,,
129990,0,Ilidza,66,2,1,2,3
130000,0,Ilidza,66,2,1,2,3
132000,0,Ilidza,66,2,1,2,3
155000,0,Novi Grad,56,2,1,2,3
215000,0,Novo Sarajevo,82,2,1,4,3
275000,0,Novi Grad,84,2,1,4,3
283500,0,Novi Grad,83,2,1,4,3
283500,0,Novi Grad,84,2,1,4,3
79900,0,Vogosca,37,2,1,2,4
79900,0,Vogosca,42,2,1,2,4
95000,0,Vogosca,53,2,1,3,4
95000,0,Vogosca,53,2,1,2,4
111999,0,Vogosca,52,2,1,2,4
112000,0,Novo Sarajevo,47,2,1,3,4
135000,0,Stari Grad,46,2,1,2,4
155000,0,Stari Grad,48,2,1,2,4
160000,0,Opcina Centar,58,2,1,3,4
180000,1,Opcina Centar,60,2,1,3,4
249600,0,Opcina Centar,96,2,1,3,4
252000,0,Opcina Centar,490,2,1,3,4
299000,0,Opcina Centar,79,2,1,4,4
455000,0,Stari Grad,138,2,1,5,4
455000,0,Stari Grad,140,2,1,5,4
463000,0,Opcina Centar,129,2,1,5,4
485000,0,Stari Grad,150,2,1,5,4
530000,0,Stari Grad,140,2,1,5,4
250000,0,Opcina Centar,100,2,1,4,5
250000,0,Opcina Centar,100,2,1,4,5
94000,0,Ilidza,36,3,1,2,1
104000,0,Novo Sarajevo,56,3,1,3,1
110000,0,Ilidza,56,3,1,3,1
116000,0,Vogosca,65,3,1,3,1
119000,0,Ilidza,58,3,1,3,1
120000,0,Ilidza,67,3,1,3,1
125000,1,Novi Grad,52,3,1,2,1
129000,0,Opcina Centar,72,3,1,3,1
129900,0,Novo Sarajevo,57,3,1,2,1
134000,0,Novi Grad,55,3,1,2,1
135000,0,Opcina Centar,59,3,1,2,1
136500,0,Ilidza,75,3,1,3,1
137000,0,Vogosca,76,3,1,3,1
137000,0,Vogosca,76,3,1,3,1
139000,0,Ilidza,56,3,1,3,1
139000,0,Ilidza,56,3,1,3,1
139000,0,Novi Grad,92,3,1,3,1
142000,0,Ilidza,78,3,1,3,1
143000,1,Opcina Centar,36,3,1,2,1
149000,0,Opcina Centar,36,3,1,2,1
160000,0,Ilidza,57.52,3,1,3,1
160000,0,Novi Grad,63,3,1,2,1
165000,0,Opcina Centar,74,3,1,3,1
175000,0,Vogosca,112,3,1,4,1
180000,0,Novi Grad,75,3,1,3,1
180000,0,Ilidza,89,3,1,3,1
180000,0,Ilidza,104,3,1,3,1
185000,0,Stari Grad,58,3,1,3,1
186000,0,Opcina Centar,62,3,1,2,1
189000,0,Opcina Centar,54,3,1,2,1
195000,0,Vogosca,100,3,1,4,1
199000,0,Stari Grad,90,3,1,3,1
200000,1,Novi Grad,96,3,1,3,1
205000,0,Opcina Centar,91,3,1,4,1
206000,0,Ilidza,77,3,1,3,1
207000,0,Ilidza,116,3,1,4,1
207000,0,Stari Grad,155,3,1,4,1
209990,0,Novo Sarajevo,66,3,1,3,1
210000,0,Stari Grad,50,3,1,3,1
210000,1,Novi Grad,77,3,1,3,1
210000,0,Stari Grad,92,3,1,3,1
214000,0,Stari Grad,59,3,1,2,1
219000,0,Opcina Centar,76,3,1,3,1
230000,0,Novo Sarajevo,112,3,1,4,1
230000,0,Novo Sarajevo,112,3,1,4,1
230000,0,Novo Sarajevo,112,3,1,4,1
249000,0,Opcina Centar,72,3,1,3,1
249000,0,Opcina Centar,91,3,1,3,1
249900,0,Opcina Centar,91,3,1,3,1
250000,0,Opcina Centar,83,3,1,3,1
280000,0,Opcina Centar,83,3,1,4,1
280000,0,Opcina Centar,83,3,1,3,1
290000,0,Opcina Centar,80,3,1,3,1
300000,0,Opcina Centar,80,3,1,3,1
313000,0,Stari Grad,97,3,1,3,1
320000,0,Opcina Centar,96,3,1,4,1
320000,0,Opcina Centar,96,3,1,3,1
320000,0,Opcina Centar,96,3,1,3,1
380000,0,Opcina Centar,120,3,1,3,1
450000,0,Opcina Centar,133,3,1,5,1
500000,1,Stari Grad,115,3,1,4,1
699000,1,Opcina Centar,125,3,1,4,1
75110,0,Novi Grad,37,3,1,1,2
80000,0,Ilidza,38,3,1,0,2
91000,1,Ilidza,42,3,1,2,2
99000,0,Novi Grad,49,3,1,2,2
99000,0,Novi Grad,34,3,1,1,2
99000,0,Novi Grad,34,3,1,1,2
99000,0,Novo Sarajevo,34,3,1,0,2
110000,0,Novi Grad,40,3,1,1.5,2
118000,0,Novi Grad,55,3,1,3,2
118000,0,Novi Grad,55,3,1,3,2
118500,0,Novi Grad,55,3,1,3,2
118500,0,Novi Grad,55,3,1,3,2
119000,0,Stari Grad,25,3,1,0,2
123500,0,Stari Grad,25,3,1,0,2
125000,0,Novi Grad,69,3,1,3,2
125000,0,Novo Sarajevo,47,3,1,2,2
126000,0,Novi Grad,88,3,1,4,2
127000,0,Novi Grad,68,3,1,3,2
129000,0,Novi Grad,68,3,1,3,2
130000,0,Ilidza,41,3,1,1.5,2
135000,0,Ilijas,80,3,1,3,2
135000,0,Novo Sarajevo,54,3,1,2,2
135000,0,Novi Grad,65,3,1,2,2
156500,0,Novo Sarajevo,58,3,1,2,2
159000,0,Novo Sarajevo,58,3,1,3,2
185000,1,Ilidza,71,3,1,3,2
200000,0,Novo Sarajevo,55,3,1,1,2
228000,0,Opcina Centar,79,3,1,3,2
235000,1,Ilidza,91,3,1,3,2
250000,0,Novo Sarajevo,74,3,1,3,2
279000,0,Opcina Centar,90,3,1,3,2
310000,0,Opcina Centar,71,3,1,3,2
335000,0,Novo Sarajevo,82,3,1,2,2
345000,0,Opcina Centar,88,3,1,3,2
390000,0,Opcina Centar,100,3,1,4,2
390000,0,Opcina Centar,100,3,1,4,2
600000,0,Stari Grad,112,3,1,4,2
100000,0,Ilidza,45,3,1,2,3
105000,0,Novi Grad,49,3,1,2,3
129000,0,Ilidza,63,3,1,3,3
130000,0,Ilidza,64,3,1,2,3
130200,0,Ilidza,62,3,1,3,3
211000,0,Ilidza,72.45,3,1,3,3
60000,0,Novo Sarajevo,21,3,1,0,4
63000,0,Opcina Centar,30,3,1,0,4
65000,0,Ilidza,58,3,1,2,4
73000,0,Vogosca,43,3,1,1,4
85000,0,Novi Grad,95,3,1,2,4
95000,0,Stari Grad,34,3,1,1,4
97000,0,Novi Grad,68,3,1,3,4
109000,0,Vogosca,72,3,1,3,4
,0,Novo Sarajevo,42,,1,,
120000,0,Novo Sarajevo,56,3,1,2,4
125000,0,Novi Grad,48,3,1,2,4
125000,0,Novi Grad,49,3,1,2,4
126000,1,Vogosca,63,3,1,2,4
129000,0,Novi Grad,45,3,1,2,4
180000,0,Ilidza,60,3,1,3,4
207000,0,Opcina Centar,90,3,1,2,4
260000,0,Opcina Centar,91,3,1,3,4
325000,0,Opcina Centar,114,3,1,3,4
143000,0,Ilidza,57,3,1,2,5
320000,0,Opcina Centar,85,3,1,3,5
79000,0,Hadzici,58,4,1,2,1
93000,0,Ilidza,53,4,1,2,1
93000,0,Ilidza,53,4,1,2,1
95000,0,Ilidza,48,4,1,2,1
99900,0,Ilidza,53,4,1,3,1
100000,0,Ilidza,60,4,1,4,1
108000,0,Novo Sarajevo,50,4,1,2,1
108000,0,Novo Sarajevo,50,4,1,2,1
115000,0,Ilidza,83,4,1,3,1
119000,0,Ilidza,53,4,1,2,1
119000,0,Vogosca,58,4,1,2,1
119000,0,Vogosca,58,4,1,2,1
119000,0,Vogosca,58,4,1,2,1
120000,0,Novo Sarajevo,53,4,1,2,1
120000,0,Ilidza,62,4,1,2,1
125000,0,Novi Grad,70,4,1,3,1
129000,0,Vogosca,58,4,1,2,1
129000,0,Vogosca,58,4,1,2,1
130000,0,Novo Sarajevo,53,4,1,2,1
130000,0,Novo Sarajevo,54,4,1,2,1
133000,1,Novi Grad,55,4,1,2,1
137000,0,Novo Sarajevo,50,4,1,2,1
139000,0,Opcina Centar,42,4,1,2,1
139000,0,Opcina Centar,43,4,1,2,1
139000,0,Opcina Centar,65,4,1,2,1
140000,0,Ilidza,53,4,1,2,1
141000,0,Opcina Centar,43,4,1,2,1
145000,0,Ilidza,56,4,1,3,1
145000,1,Opcina Centar,43,4,1,2,1
150000,0,Opcina Centar,50,4,1,2,1
158000,1,Novi Grad,63,4,1,2,1
165000,0,Opcina Centar,61,4,1,3,1
166000,0,Opcina Centar,108,4,1,4,1
169000,0,Stari Grad,73,4,1,3,1
170000,0,Stari Grad,73,4,1,3,1
177000,0,Novi Grad,73,4,1,3,1
180000,0,Novo Sarajevo,58,4,1,3,1
185000,0,Opcina Centar,80,4,1,3,1
187000,0,Novo Sarajevo,74,4,1,3,1
190000,0,Novo Sarajevo,63,4,1,3,1
192000,0,Opcina Centar,90,4,1,4,1
200000,0,Opcina Centar,66,4,1,3,1
202000,0,Novo Sarajevo,77,4,1,3,1
220000,0,Opcina Centar,66,4,1,3,1
225000,0,Novo Sarajevo,96,4,1,4,1
225000,0,Stari Grad,72,4,1,3,1
227000,0,Stari Grad,82,4,1,3,1
234000,0,Opcina Centar,53,4,1,1,1
237600,0,Opcina Centar,71,4,1,2,1
237600,1,Opcina Centar,72,4,1,2,1
237600,0,Opcina Centar,72,4,1,2,1
237600,0,Opcina Centar,72,4,1,2,1
237600,0,Opcina Centar,72,4,1,2,1
239000,0,Opcina Centar,97,4,1,4,1
239000,0,Opcina Centar,132,4,1,4,1
240000,0,Opcina Centar,100,4,1,4,1
248500,0,Ilidza,89,4,1,3,1
280000,0,Stari Grad,91,4,1,3,1
289000,0,Opcina Centar,80,4,1,3,1
295000,0,Opcina Centar,83,4,1,4,1
310000,0,Opcina Centar,97,4,1,3,1
325000,0,Opcina Centar,92,4,1,4,1
327000,0,Opcina Centar,91,4,1,4,1
330000,0,Opcina Centar,87,4,1,4,1
335000,0,Opcina Centar,83,4,1,4,1
359000,0,Stari Grad,140,4,1,3,1
390000,0,Opcina Centar,150,4,1,4,1
67000,0,Novi Grad,29,4,1,1,2
76900,0,Ilidza,39,4,1,0,2
80000,0,Novo Sarajevo,35,4,1,1,2
85000,1,Ilidza,45,4,1,2,2
88000,0,Novi Grad,47,4,1,2,2
91000,0,Novi Grad,39,4,1,1.5,2
91000,0,Novi Grad,39,4,1,1,2
95000,0,Ilidza,54,4,1,2,2
95000,0,Novi Grad,39,4,1,1,2
96000,0,Ilidza,55,4,1,2,2
99000,0,Vogosca,55,4,1,2,2
100000,0,Ilidza,44,4,1,2,2
100800,0,Novi Grad,56,4,1,2,2
104000,0,Ilidza,52,4,1,2,2
110000,0,Novi Grad,60,4,1,2,2
113000,0,Novo Sarajevo,36,4,1,1,2
115000,0,Novi Grad,50,4,1,2,2
120000,0,Ilidza,61,4,1,3,2
,0,Novi Grad,50,,1,,2
123000,0,Ilidza,74,4,1,3,2
130000,0,Novo Sarajevo,58,4,1,3,2
130000,0,Novo Sarajevo,58,4,1,3,2
130000,0,Novo Sarajevo,64,4,1,3,2
130000,0,Novo Sarajevo,58,4,1,2,2
130000,0,Novo Sarajevo,64,4,1,2,2
133000,0,Novi Grad,64,4,1,2,2
136000,0,Ilidza,69,4,1,2,2
139000,0,Novo Sarajevo,58,4,1,3,2
140000,0,Novi Grad,83,4,1,4,2
140000,0,Hadzici,72,4,1,3,2
145000,0,Novi Grad,51,4,1,2,2
150000,0,Opcina Centar,63,4,1,3,2
155000,0,Novo Sarajevo,58,4,1,2,2
160000,0,Ilidza,84,4,1,3,2
166000,0,Novo Sarajevo,71,4,1,3,2
167000,0,Novo Sarajevo,71,4,1,3,2
180000,0,Ilidza,70,4,1,2,2
180000,0,Ilidza,70,4,1,2,2
187900,0,Opcina Centar,63,4,1,4,2
189900,1,Ilidza,62,4,1,2,2
199500,0,Novo Sarajevo,72,4,1,3,2
210000,0,Opcina Centar,70,4,1,3,2
220000,0,Ilidza,93,4,1,4,2
229000,0,Novi Grad,90,4,1,4,2
229000,0,Novo Sarajevo,95,4,1,4,2
229000,0,Novo Sarajevo,98,4,1,4,2
229000,0,Novo Sarajevo,99,4,1,4,2
233000,0,Novo Sarajevo,102,4,1,4,2
252000,0,Novo Sarajevo,80,4,1,3,2
265000,0,Novo Sarajevo,72,4,1,4,2
265000,0,Novo Sarajevo,72,4,1,3,2
265000,1,Novo Sarajevo,75,4,1,3,2
265000,0,Novo Sarajevo,77,4,1,3,2
270000,0,Opcina Centar,90,4,1,2,2
290000,0,Novo Sarajevo,75,4,1,3,2
290000,0,Novo Sarajevo,75,4,1,3,2
290000,0,Novo Sarajevo,77,4,1,3,2
400000,0,Opcina Centar,103,4,1,4,2
82000,0,Ilidza,40,4,1,1,3
95000,0,Novi Grad,36,4,1,1,3
105000,0,Novi Grad,49,4,1,2,3
109000,0,Novi Grad,65,4,1,2,3
115000,0,Ilidza,42,4,1,2,3
115000,0,Ilidza,42,4,1,2,3
118000,1,Ilidza,51,4,1,2,3
120000,1,Ilidza,51,4,1,2,3
125000,0,Ilidza,82,4,1,3,3
163900,0,Novo Sarajevo,66,4,1,3,3
250000,0,Opcina Centar,110,4,1,3,3
370000,0,Opcina Centar,125,4,1,5,3
75000,0,Novo Sarajevo,28,4,1,1,4
77500,0,Novo Sarajevo,28,4,1,1,4
78000,0,Opcina Centar,36,4,1,1.5,4
80000,0,Novo Sarajevo,28,4,1,1,4
93000,0,Vogosca,68,4,1,2,4
93000,0,Vogosca,68,4,1,2,4
99000,0,Novi Grad,65,4,1,2,4
115000,0,Novo Sarajevo,52,4,1,2,4
180000,0,Novo Sarajevo,58,4,1,3,4
195000,0,Novo Sarajevo,62,4,1,3,4
195000,0,Novo Sarajevo,62,4,1,3,4
200000,0,Opcina Centar,85,4,1,3,4
225000,0,Opcina Centar,73,4,1,2,4
93000,0,Vogosca,68,4,1,2,5
100500,0,Ilidza,64,5,1,3,1
105000,1,Vogosca,49,5,1,1,1
125000,0,Ilidza,57,5,1,2,1
130000,0,Ilidza,70,5,1,3,1
139000,0,Ilidza,61,5,1,2,1
145000,0,Novo Sarajevo,85,5,1,4,1
145000,0,Ilidza,69,5,1,3,1
145000,0,Ilidza,53,5,1,2,1
159000,1,Opcina Centar,39,5,1,1,1
159900,0,Vogosca,93,5,1,4,1
160000,0,Novo Sarajevo,83,5,1,3,1
165000,0,Vogosca,81,5,1,4,1
170000,0,Vogosca,85,5,1,3,1
175000,0,Stari Grad,69,5,1,3,1
179000,0,Stari Grad,69,5,1,3,1
220000,0,Opcina Centar,60,5,1,3,1
220000,0,Ilidza,104,5,1,3,1
230000,0,Opcina Centar,141,5,1,5,1
230000,0,Stari Grad,91,5,1,3,1
233000,0,Vogosca,103,5,1,4,1
239000,0,Ilidza,105,5,1,3,1
240000,0,Stari Grad,140,5,1,4,1
250000,0,Vogosca,105,5,1,5,1
250000,0,Stari Grad,140,5,1,4,1
268000,1,Stari Grad,84,5,1,3,1
270000,0,Novo Sarajevo,70,5,1,3,1
270000,0,Novo Sarajevo,70,5,1,3,1
278000,0,Opcina Centar,112,5,1,4,1
279000,0,Opcina Centar,112,5,1,4,1
280000,0,Stari Grad,87,5,1,4,1
300000,0,Opcina Centar,142,5,1,4,1
315000,0,Trnovo,126,5,1,4,1
350000,0,Opcina Centar,80,5,1,3,1
1000000,0,Ilidza,1300,5,1,5,1
1000,0,Novi Grad,74,5,1,3,2
82000,0,Novi Grad,53,5,1,2,2
83000,0,Novo Sarajevo,28,5,1,0,2
95000,0,Novi Grad,40,5,1,1,2
102000,0,Ilijas,80,5,1,3,2
108000,0,Novi Grad,38,5,1,1,2
115000,0,Novi Grad,101,5,1,4,2
120000,0,Novi Grad,52,5,1,2,2
130000,0,Novi Grad,54,5,1,2,2
139990,1,Novi Grad,61,5,1,2,2
140000,0,Novi Grad,93,5,1,4,2
151000,0,Novi Grad,70,5,1,3,2
159500,0,Novi Grad,59,5,1,2,2
162000,1,Novi Grad,54,5,1,3,2
169000,0,Novi Grad,58,5,1,2,2
175000,0,Novo Sarajevo,56,5,1,2,2
175000,0,Novi Grad,58,5,1,2,2
176000,0,Opcina Centar,51,5,1,2,2
210000,0,Novi Grad,93,5,1,4,2
225000,0,Novo Sarajevo,112,5,1,4,2
230000,0,Novi Grad,80,5,1,3,2
249900,0,Opcina Centar,108,5,1,4,2
349000,0,Novo Sarajevo,143,5,1,5,2
350000,0,Novo Sarajevo,143,5,1,5,2
81504,1,Ilidza,33,5,1,0,3
119000,0,Novi Grad,54,5,1,2,3
120000,0,Novi Grad,54,5,1,2,3
183000,0,Ilidza,73,5,1,2,3
189000,0,Ilidza,74,5,1,2,3
199000,0,Ilidza,88,5,1,4,3
229500,0,Novi Grad,80,5,1,3,3
82500,0,Novo Sarajevo,28,5,1,0,4
99000,0,Novi Grad,90,5,1,4,4
109000,1,Vogosca,90,5,1,2,4
118000,0,Opcina Centar,38,5,1,2,4
129000,0,Novo Sarajevo,54,5,1,2,4
197000,0,Novo Sarajevo,62,5,1,2,4
145000,0,Novo Sarajevo,85,5,1,4,5
197000,0,Novo Sarajevo,62,5,1,3,5
75000,0,Vogosca,41,6,1,1,1
89000,0,Ilidza,40,6,1,2,1
108000,0,Novo Sarajevo,54,6,1,2,1
108000,0,Novo Sarajevo,54,6,1,2,1
108000,0,Novo Sarajevo,54,6,1,2,1
108000,0,Novo Sarajevo,54,6,1,2,1
110000,0,Novo Sarajevo,54,6,1,2,1
127000,0,Novo Sarajevo,60,6,1,2,1
127990,0,Ilidza,67,6,1,3,1
139000,0,Novo Sarajevo,56,6,1,2,1
159000,0,Ilidza,83,6,1,3,1
175000,0,Ilidza,72,6,1,3,1
185000,1,Ilidza,65,6,1,3,1
199000,0,Opcina Centar,68,6,1,2,1
210000,1,Ilidza,101,6,1,4,1
226000,0,Ilidza,78,6,1,3,1
226000,1,Ilidza,78,6,1,3,1
227000,0,Ilidza,78,6,1,3,1
227000,1,Ilidza,78,6,1,3,1
230000,0,Stari Grad,65,6,1,3,1
243800,1,Ilidza,92,6,1,3,1
270000,0,Novo Sarajevo,138,6,1,4,1
310000,0,Ilidza,86,6,1,3,1
528000,1,Ilidza,220,6,1,5,1
79000,0,Novo Sarajevo,35,6,1,1.5,2
80000,0,Vogosca,59,6,1,3,2
80000,0,Novo Sarajevo,35,6,1,1,2
96000,0,Novo Sarajevo,38,6,1,1,2
110000,0,Novo Sarajevo,50,6,1,2,2
110000,0,Novi Grad,47,6,1,1.5,2
130000,0,Stari Grad,40,6,1,1,2
170000,0,Novo Sarajevo,72,6,1,3,2
173000,0,Novi Grad,61,6,1,2,2
400000,0,Stari Grad,86,6,1,4,2
600000,0,Stari Grad,126,6,1,5,2
70000,0,Ilidza,33,6,1,0,3
72000,0,Novi Grad,31,6,1,2,3
98000,0,Novi Grad,54,6,1,2,3
100000,0,Ilidza,50,6,1,2,3
108000,0,Ilidza,58,6,1,2,3
108000,0,Ilidza,58,6,1,2,3
189000,0,Ilidza,87,6,1,3,3
89000,0,Novo Sarajevo,34,6,1,1.5,4
230000,0,Stari Grad,63,6,1,3,4
230000,0,Stari Grad,72,6,1,3,4
98000,0,Novi Grad,53,7,1,2,1
115000,0,Novi Grad,78,7,1,4,1
120000,0,Novi Grad,78,7,1,3,1
130000,0,Novo Sarajevo,52,7,1,2,1
133680,0,Ilidza,70,7,1,3,1
139000,0,Novo Sarajevo,56,7,1,2,1
142800,0,Novo Sarajevo,56,7,1,2,1
86000,0,Ilidza,38,7,1,1,2
89000,0,Ilidza,38,7,1,0,2
109000,0,Novi Grad,61,7,1,3,2
118000,0,Novi Grad,45,7,1,1.5,2
124000,0,Novo Sarajevo,39,7,1,1,2
153000,0,Novi Grad,78,7,1,3,2
155000,0,Novo Sarajevo,53,7,1,2,2
160000,0,Novo Sarajevo,53,7,1,2,2
172000,0,Novi Grad,105,7,1,4,2
190000,0,Novo Sarajevo,87,7,1,4,2
450000,0,Opcina Centar,119,7,1,5,2
600000,0,Novo Sarajevo,149,7,1,5,2
620000,0,Novo Sarajevo,149,7,1,5,2
620000,0,Novo Sarajevo,150,7,1,4,2
115000,0,Ilidza,39,7,1,1.5,3
115000,1,Ilidza,39,7,1,1.5,3
115000,0,Ilidza,39,7,1,1.5,3
115000,0,Ilidza,39,7,1,1.5,3
141900,0,Ilidza,59,7,1,3,3
160000,0,Ilidza,80,7,1,3,3
350000,0,Novo Sarajevo,94,7,1,3,3
130000,0,Vogosca,81,7,1,3,5
108000,0,Ilidza,64,8,1,2,1
140000,0,Novi Grad,68,8,1,3,2
140000,0,Novi Grad,84,8,1,3,2
145000,0,Novi Grad,68,8,1,3,2
154000,0,Novo Sarajevo,54,8,1,2,2
159000,0,Novi Grad,100,8,1,4,2
162000,0,Ilidza,64,8,1,3,2
237500,1,Novi Grad,90,8,1,4,2
93000,0,Novi Grad,29,8,1,0,3
108000,0,Ilidza,65,8,1,2,3
115000,0,Ilidza,49,8,1,2,3
116000,0,Ilidza,49,8,1,2,3
158000,0,Ilidza,57,8,1,3,3
185000,1,Ilidza,65,8,1,3,3
190000,1,Ilidza,77,8,1,3,3
190900,0,Novi Grad,128,8,1,5,4
106000,0,Novi Grad,56,9,1,2,2
145000,0,Novi Grad,71,9,1,4,2
145500,0,Novo Sarajevo,63,9,1,2,2
159000,0,Novi Grad,100,9,1,5,2
298700,0,Novo Sarajevo,67,9,1,3,2
310000,1,Novo Sarajevo,67,9,1,3,2
500,0,Ilidza,88,9,1,4,3
134800,0,Novi Grad,51,9,1,3,3
220000,0,Novi Grad,68,9,1,3,3
160000,0,Ilidza,85,10,1,4,1
80000,0,Novi Grad,35,10,1,1.5,2
130000,0,Novi Grad,72,10,1,3,2
130000,0,Novi Grad,72,10,1,3,2
130000,0,Novi Grad,72,10,1,3,2
140000,0,Novi Grad,67,10,1,3,2
149000,0,Ilidza,67,10,1,3,2
149000,0,Ilidza,70,10,1,3,2
180000,0,Ilidza,103,10,1,4,2
210000,0,Novo Sarajevo,73,10,1,3,2
119900,0,Ilidza,60,10,1,3,3
130000,0,Ilidza,66,10,1,3,3
149000,0,Ilidza,67,10,1,3,3
149000,0,Ilidza,69,10,1,3,3
170000,0,Ilidza,85,10,1,4,3
180000,0,Ilidza,102,10,1,4,3
258000,0,Novi Grad,79.24,10,1,3,3
258000,0,Novi Grad,80,10,1,3,3
93500,0,Novi Grad,40,11,1,3,2
95000,0,Novo Sarajevo,40,11,1,1.5,2
129000,0,Novi Grad,70,11,1,3,2
129000,0,Novi Grad,56,11,1,2,2
180000,0,Novi Grad,77,11,1,3,2
77000,0,Ilidza,34,11,1,0,3
77000,0,Ilidza,38,11,1,0,3
77000,0,Ilidza,38,11,1,0,3
92700,0,Ilidza,40,11,1,3,3
92700,0,Ilidza,40,11,1,2,3
92700,0,Novi Grad,40,11,1,2,3
103000,0,Ilidza,49,11,1,2,3
104000,0,Ilidza,66,11,1,2,3
115000,0,Ilidza,52,11,1,3,3
115000,0,Ilidza,52,11,1,3,3
115000,0,Ilidza,52,11,1,3,3
115000,0,Ilidza,55,11,1,3,3
75000,0,Ilidza,33,12,1,0,2
300000,0,Novi Grad,110,12,1,5,2
103000,0,Ilidza,57,12,1,2,3
127000,0,Novi Grad,72,12,1,3,3
270000,0,Novi Grad,97,12,1,5,3
299000,0,Novi Grad,104,12,1,3,3
79900,0,Ilidza,70,13,1,1.5,2
89000,0,Novo Sarajevo,36,13,1,1.5,2
97000,0,Novi Grad,56,13,1,2,2
135000,0,Ilidza,66,13,1,3,2
90000,0,Ilidza,45,13,1,2,3
95000,0,Ilidza,44,13,1,2,3
95000,0,Ilidza,44,13,1,2,3
97000,0,Ilidza,44,13,1,2,3
98000,0,Ilidza,49,13,1,2,3
109000,0,Ilidza,48,13,1,1.5,3
109000,0,Ilidza,48,13,1,1.5,3
110000,1,Ilidza,61,13,1,3,3
119000,0,Ilidza,58.3,13,1,3,3
129900,0,Ilidza,66,13,1,3,3
140000,0,Ilidza,86,13,1,3,3
85000,0,Novi Grad,45,14,1,2,2
210000,0,Opcina Centar,70,14,1,3,2
257500,1,Novi Grad,92,14,1,3,2
470000,0,Novi Grad,101,14,1,3,2
87000,0,Novi Grad,32,14,1,0,3
455000,0,Novi Grad,101,14,1,3,3
125000,0,Novi Grad,69,15,1,3,1
110000,0,Novi Grad,69,15,1,3,2
170000,0,Novi Grad,71,15,1,3,2
190000,0,Novo Sarajevo,71,15,1,3,2
170000,0,Opcina Centar,51,17,1,2,2
93500,0,Novi Grad,55,18,1,2,2
93500,0,Novi Grad,55,18,1,2,2
130000,0,Novo Sarajevo,50,18,1,2,2
130000,0,Novo Sarajevo,50,18,1,2,2
165000,0,Novo Sarajevo,72,19,1,3,2
195000,0,Novo Sarajevo,76,19,1,4,2
